word,phonetic,definition,translation,pos,collins,oxford,tag,bnc,frq,exchange,detail,audio
'hood,hʊd,,"n. 罩；风帽；（布质）面罩；学位连领帽（表示学位种类）\nv. 覆盖；用头巾包；使(马,鹰等)戴头罩；给…加罩\n[网络] 胡德；兜帽；引擎盖",,,,,0,0,,,
's Gravenhage,",skrɑ:vən'hɑ:ɡə",,[荷兰语]海牙(= Hague),,,,,0,0,,,
'tween,twi:n,,prep. [诗歌用语] = between [亦作 tweeny],,,,,0,0,,,
'tween decks,,,[网络] 甲板间；二层舱；双层甲板,,,,,0,0,,,
-ability,ə'biliti,,"suf. [用于构成名词, 意义相当于-able]表示“能力”, “可能性”, “倾向性”, “适宜性”",,,,,0,0,,,
-able,əbl,,"suf. [附在动词或名词后构成形容词] 表示：“能…的,会…的”：durable; “可以…的”：drinkable; “具有…特性的”：fashionable; “有助于…的”,“倾向于…的”：peaceable; “易于…的”：breakable",,,,,0,0,,,
-ably,əbli,,suf. [构成与-able结尾的形容词相应的副词],,,,,0,0,,,
-acy,əsi,,"suf. [用于构成抽象名词]表示性质, 状态, 位置, 地位, 职位",,,,,0,0,,,
-ad,'æd,," [医]〔状语性后缀〕意为向…方, 向…侧",,,,,0,0,,,
-ade,eid,,"suf. 用以构成名词表示：“行动”,“…的动作”：blockade; “行动者”：renegade; “行动者的集体”：cavalcade; “行动的产物”：arcade; “参与”,“参加”：brigade",,,,,0,0,,,
-adelphous,ə'delfəs,, 表示“[植物学]有雄蕊束的”：monadelphous,,,,,0,0,,,
-aemia,'i:miə,, [用以构成名词]表示血液,,,,,0,0,,,
-age,idʒ,,comb. 表示数量;表示动作;表示身份;表示地方,,,,,0,0,,,
-agogue,ə'ɡɒɡ,," [医]〔后缀〕意为催, 利",,,,,0,0,,,
-aholic,,, 嗜好…的；对…成瘾的,,,,,0,0,,,
-al,,," [医]〔后缀〕用于化合物名之后, 示有醛基-CHO存在, 如chloral（氯醛, 三氯乙醛）",,,,,0,0,,,
-algia,'ælɡə,, [医]〔后缀〕意为痛,,,,,0,0,,,
-alia,,, （与某活动或兴趣范围）有关的物品,,,,,0,0,,,
-ally,,, 以-al结尾的形容词加ly构成副词),,,,,0,0,,,
-an,æn,,"suf. 表示; “碳水化合物的酐类”：dextran; “不饱和的碳化物”：tolan; 用于专有人、地名等后构成通常可兼作名词用的形容词表示“…时期的(人)”, “…地方的(人)”, “在…居住的(人)”, “在…出生的(人)”：American, Asian, Elizabethan, Victorian; 用于表示体制、学科等的词后及宗教或其他流派创始人的人名后构成可兼作名词的形容词或单词性的形容词或名词表示“精通…的(人)”, “带有…特征的(人)”, “属于…的(人)”, “信奉…的(人)”, “追随…的(人)”",,,,,0,0,,,
-ance,əns,,"suf. 性质,状况：annoyance, importance; 表示程度,总量：conductance; 行动,行为,过程：performance, utterance",,,,,0,0,,,
-ancy,ənsi,,"suf. =-ance (尤其多表示“性质”, “状况”)：",,,,,0,0,,,
-ane,'eɪn,," [医]〔词尾〕意为饱和开链碳氢化合物, CnH2n+2",,,,,0,0,,,
-ant,ənt,,"suf. [构成形容词] 表示：进行...动作的,处于...状态的,促进...作用的：repentant, triumphant, expectorant; 有...的,显示...的,做...的：defiant, radiant; [构成名词]表示进行...动作的人,施行...作用者,...者(人或物):accountant, assistant, occupant",,,,,0,0,,,
-ar,ə,,"suf. [构成形容词]表示：...的：molecular,nuclear; ...状的,似...的：triangular; 有...特性的：popular; [构成名词]表示：...的人,...的物：bursar, scholar, vicar, morta; 动作者[-er或-or的异体]：liar, pedlar",,,,,0,0,,,
-arch,ɑ:k,," 表示“原始的”; 表示“统治者”, “首领”, “领导者”",,,,,0,0,,,
-archy,'ɑ:ki,," 表示管理,统治,政体：matriarchy,monarchy",,,,,0,0,,,
-ard,əd,,"suf. 表示沉湎于...的人,过于...的人：drunkard,sluggard",,,,,0,0,,,
-arian,'εəriən,,"suf. [构成形容词或名词]表示：...岁的(人)：octogenarian, centenarian; ...派的(人);...主义的(人)：Unitarian,utilitarian; 从事...工作(或职业)的(人)：argarian,antiquarian; 制定(或做出)...的(人)：disciplinarian",,,,,0,0,,,
-ary,ɛri,,"suf. [构成形容词]表示...的, 与...有关的, 与...有联系的, 属于...的：auxiliary, elementary; [构成名词]表示：与...有关的人,从事...的人：missionary; 与...有关之物：dictionary; ...的处所,...的地方：granary,aviary; [拉丁语-aris][构成名词和形容词]表示：像...(的), 同类(的)：military",,,,,0,0,,,
-ase,'eɪs,, [医]〔词尾〕酶,,,,,0,0,,,
-ast,,,abbr. 大西洋标准时间（Atlantic Standard Time）\nn. (Ast)人名；(德、塞、捷、法)阿斯特,,,,,0,0,,,
-aster,'æstə,," [用以构成生物学属名]表示“星”, “星状结构”：diaster\nsuf. 表示“劣等的”,“次等的”,“伪的”,“无价值的”：criticaster, poetaster",,,,,0,0,,,
-ate,,," [医]〔后缀〕构成分词名词。加于词根, 表示为该词根原意的产物或作用。例如hemolysate表示溶血产物",,,,,0,0,,,
-athon,,, 持续时间很长的活动（尤指为慈善事业募集基金）,,,,,0,0,,,
-ation,,, ——见 -ion,,,,,0,0,,,
-ative,'etɪv,,"suf. [构成形容词]表示：有...关系的,有...性质的：authoritative,decorative; 有...倾向的：talkative,informative",,,,,0,0,,,
-ator,'eitə,,"suf. [构成名词]表示做...动作的人,...者,...物,起...作用的物：improvisator,cinerator",,,,,0,0,,,
-babble,'bæb(ə)l,,vi. 喋喋不休；呀呀学语；作潺潺声\nvt. 含糊不清地说；泄露\nn. 含糊不清的话；胡言乱语；潺潺声,,,,,0,0,,,
-bellied,,, ——见 belly,,,,,0,0,,,
-biosis,bɪ'osɪs,," 表示(某种)生活方式：anabiosis,symbiosis",,,,,0,0,,,
-biotic,baɪ'ɒtɪk,,a. 生物的；有关生命的,,,,,0,0,,,
-blast,blæst,," 表示胚(芽),胚胎,胚层,细胞,原基：idioblast, splanchnoblast(内脏原基)",,,,,0,0,,,
-blastic,"blɑ:st, blæstik",,a. 再结晶的,,,,,0,0,,,
-busting,,,垄耕\n沟耕,,,,,0,0,,,
-cardium,'kɑ:diəm,,comb.form 表示“心”：epicardium,,,,,0,0,,,
-cele,'seli:,," [医]〔后缀〕意为肿瘤, 肿胀",,,,,0,0,,,
-cene,si:n,," 表示新近的, 新的；(尤指)新生代的和特定时代：Miocene",,,,,0,0,,,
-centric,,, 以…为中心；有…中心,,,,,0,0,,,
-cercal,'sə:kəl,, 表示“有…尾的”：homocercal,,,,,0,0,,,
-chrome,k'rəʊm,, [医]〔后缀〕意为与颜色有关的,,,,,0,0,,,
-cidal,'saidəl,," 表示：杀者的,杀的：homicidal; 可杀的,有杀害能力的：fungicidal",,,,,0,0,,,
-cide,,, [医]〔后缀〕意为杀伤者或杀,,,,,0,0,,,
-cline,klaɪn,,"n. [生物] 渐变群, 生态群\nn. (Cline)人名；(英)克莱因；(法)克利纳",,,,,0,0,,,
-clinic,'klɪnɪk,,n. 临床；诊所,,,,,0,0,,,
-coccus,'kɔkəs,, 表示球菌[用于各种细菌名称],,,,,0,0,,,
-coele,'kəʊeli:,," [医]〔后缀〕意为腔, 空间, 穴, 孔。有时拼作-cele和-coel",,,,,0,0,,,
-colous,-kələs,," 表示生长于,居住于：arenicolous",,,,,0,0,,,
-cracy,,, …的政府；…的统治,,,,,0,0,,,
-crat,kræt,, 表示参与或支持(某种)政府或统治集团,,,,,0,0,,,
-cratic,,,suff. 参加的；统治者的,,,,,0,0,,,
-culus,'kʌləs,,n. 杯状器官；[昆] 肛门孔,,,,,0,0,,,
-cy,si,," 表示：性质,状态,事实：hesitancy; 职位,职务,级别：captaincy",,,,,0,0,,,
-cyte,'sɪt,," [医]〔词尾〕意为细胞, 其含具体类型随词根而定, 如椭圆细胞(elliptocyte), 红细胞(erythro-cyte), 白细胞(leukocyte)等",,,,,0,0,,,
-d,,, ——见 -ed,,,,,0,0,,,
-derm,'dɜ:m,," [医]〔皮肤〕皮肤, 胚层",,,,,0,0,,,
-dermatous,'də:mətəs,,comb.form 表示“有某种皮(或皮肤)的” [参较-derm],,,,,0,0,,,
-dimensional,,, …维的,,,,,0,0,,,
-dom,,, （表示状况或状态）,,,,,0,0,,,
-drome,drəum,," 表示：跑,跑道,道路：hippodrome,motordrome; 跑的东西：Palindrome,syndrome; 大空间,大场地,大面积：aerodrome, picturedrome",,,,,0,0,,,
-dromous,drəməs,," 表示行的,流动的：anadromous,catadromous",,,,,0,0,,,
-dynia,'dɪniə,,痛,,,,,0,0,,,
-ean,'iən,,"suf. [用以构成形容词和名词]表示...的,属于...的,像...的,似...的：European,Aegean, Caesarean, curstacean",,,,,0,0,,,
-ectomy,'ektəmi,," 表示切除(术),截除(术)：appendectomy, tonsillectomy",,,,,0,0,,,
-ed,əd,, 附在规则动词后构成过去式和过去分词；附在规则动词和名词后构成同义形容词,,,,,0,0,,,
-ee,,, 受动者；受益者,,,,,0,0,,,
-eer,,, 与…有关的人,,,,,0,0,,,
-eme,i:m,,"suf. [用以构成名词][语言学]表示“位”, “素”:",,,,,0,0,,,
-en,n,,"suf. 加在形容词后构成动词使, 使成为, 变得：darken, weaken; 加在名词后构成动词变得有,使有,具有：heighten,hearten,strengthen; 加在物质名词后构成形容词表示由...制的, 由...构成的, ...一样的：wooden, woolen; 构成某些不规则动词的过去分词：risen, written; 用以构成某些名词的复数：children,brethren",,,,,0,0,,,
-enabled,,, 能与某一系统（或技术）使用的,,,,,0,0,,,
-ence,,, ——见 -ance,,,,,0,0,,,
-ency,,, ——见 -ancy,,,,,0,0,,,
-ene,'i:n,, [医]〔后缀〕指含一个双键的不饱和碳氢化合物即烯,,,,,0,0,,,
-ent,ənt,," （附在动词后构成名词）表示动作者, 生效物；（附在动词后构成形容词）表示有...性质的, 作...动作的",,,,,0,0,,,
-er,,, …的人（或物）,,,,,0,0,,,
-ergic,'ə:dʒik,,"comb.form 表示“表现活动的”, “刺激活动的”：",,,,,0,0,,,
-ery,əri,,"suf. [构成名词]表示：场所, 地方; 作为...的地方; 实践, 动作, 职业, 技术; ...类的产品(或货物); 集体",,,,,0,0,,,
-es,iz,,"suf. 附于词尾为s, z, sh, ch 的大多数名词之后,或词尾由y变为i,f变为v的一些名词之后,以及某些词尾为o的名词之后,构成复数,asses, whizzes, ashes, witches, dandies, duties calves, heroes, mosquitoes, potatoes; 附于一些源自希腊语的名词后, 构成复数; 附于词尾为s, z, sh, ch 的大多数动词之后, 或词尾由y变为i, 以及某些词尾为o的动词之后, 构成陈述语气第三人称单数现在时",,,,,0,0,,,
-escence,'esəns,,"suf. [用以构成名词, 相当于形容词后缀-escent]表示变化, 状态, 动作, 过程",,,,,0,0,,,
-escent,'esənt,,"suf. [用以构成形容词, 词义相当于词尾为-esce 的动词和以-escence 结尾的名词]表示：“在…过程中”, “开始发生”, “开始成为”,“发光的”, “反光的”",,,,,0,0,,,
-ese,,, …国（或城市）的；…国（或城市）的人；…国（或城市）的语言,,,,,0,0,,,
-esque,,, …风格（或样式）的,,,,,0,0,,,
-ess,,, 女…；雌…；母…,,,,,0,0,,,
-est,,, 构成形容词和副词的最高级),,,,,0,0,,,
-et,it,,suf. 用于构成名词表示“…的人”; 用于构成名词表示：“小”,,,,,0,0,,,
-ette,,, 小,,,,,0,0,,,
-exempt,ɪg'zem(p)t; eg-,,vt. 免除；豁免\na. 被免除的；被豁免的\nn. 免税者；被免除义务者,,,,,0,0,,,
-ey,,, ——见 -y (1),,,,,0,0,,,
-faced,feɪst,,a. 有某种面孔或表情的；有…表面的\nv. 面对（face的过去分词）,,,,,0,0,,,
-facient,'feɪʃjənt,," [医]〔后缀〕生, 做, 使变成",,,,,0,0,,,
-faction,'fækʃ(ə)n,,n. 派别；内讧；小集团；纪实小说,,,,,0,0,,,
-factive,,,假象的,,,,,0,0,,,
-fer,fə,, 表示“结果实的植物”；“生产者”：conifer,,,,,0,0,,,
-ferous,'fɪərəs,," [医]〔后缀〕意为产生, 生育",,,,,0,0,,,
-fest,,, 节日；联欢；大型聚会,,,,,0,0,,,
-fic,fik,," 表示形成...的, 产生...的",,,,,0,0,,,
-fication,fi'keiʃən,," 表示形成, ...化",,,,,0,0,,,
-fisted,'fistid,,a. 握成拳头的\nv. 拳打（fist的过去式）,,,,,0,0,,,
-fold,,, 乘以；…倍；由…部分组成,,,,,0,0,,,
-form,fɔ:m,," 表示：具有...形状：dentiform,有...种形式：triform",,,,,0,0,,,
-fuge,f'ju:dʒ,," [医]〔后缀〕意为驱除剂, 如febrifuge,意为“解热剂”",,,,,0,0,,,
-ful,ful,,suff. 表示充满...的；表示有...倾向的；表示有...性质的；表示充满...的量,,,,,0,0,,,
-fy,,, ——见 -ify,,,,,0,0,,,
-gamic,'ɡæmɪk,,a. 性的；受胎的；受精的,,,,,0,0,,,
-gamous,-ɡəməs,," 表示：结婚的,两性结合的：polygamous; 具有...生殖器官的：heterogamous",,,,,0,0,,,
-gamy,-ɡeimi,," 表示：婚姻,性结合：polygamy; 具有...受精方式；具有...生殖器官：cleistogamy",,,,,0,0,,,
-gate,geɪt,,n. 大门；出入口；门道\nvt. 给…装大门\nn. (Gate)人名；(英)盖特；(法、瑞典)加特,,,,,0,0,,,
-gen,d'ʒen,," [医]〔词尾〕原, 剂：加到词干上指该词干表示的物体或状态产生的动因, 如过敏原(allergen), 冷冻剂(cryogen), 致病原(pathogen)",,,,,0,0,,,
-genetic,dʒɪ'netɪk,,a. 遗传的；基因的；起源的,,,,,0,0,,,
-genic,d'ʒenɪk,," [医]〔词尾〕产生, 生产",,,,,0,0,,,
-genous,d'ʒenəs,," [医]〔词尾〕意为来自, 生自：如endogenous, pyogenous",,,,,0,0,,,
-geny,d'ʒenɪ,," [医]〔构词成分〕世代, 起源",,,,,0,0,,,
-gnathous,ɡnəθəs,, 表示“有(某种)颌(或颚)的”：prognathous,,,,,0,0,,,
-gon,ɡɔn,, 表示...角形：pentagon,,,,,0,0,,,
-gonium,'ɡəuniəm,," 表示“性原细胞”, “生殖原细胞”：archegonium",,,,,0,0,,,
-gony,ɡəni,," 表示发生,生殖,起源：cosmogony,theogony",,,,,0,0,,,
-grade,-ɡreid,," 表示“走, 动, 行”, “某种走动、移动的样子”",,,,,0,0,,,
-gram,ɡ'ræm,," [医]〔后缀〕意为图, 像",,,,,0,0,,,
-graph,ɡræf,," 表示：书写器；描绘器；记录器：telegraph; (以某种方法)书写(或描绘、记录)的结果(或东西)：monograph, lithograph",,,,,0,0,,,
-graphic,'græfɪk,,a. 形象的；图表的；绘画似的,,,,,0,0,,,
-graphical,'græfɪk(ə)l,,a. 图解的；绘画的；生动的,,,,,0,0,,,
-graphy,,," [医]〔词尾〕意为书写, 记录, 记录法",,,,,0,0,,,
-gynous,dʒinəs,, 表示：妇女的;女性的：misogynous; 有(某种或若干)雌性的：polygynous; 女性生殖器的；雌性生殖器的；雌蕊的：monogynous,,,,,0,0,,,
-gyny,dʒini,, 表示：妇女；女性; 有(某种或若干)雌性; 女性生殖器；雌性生殖器；雌蕊,,,,,0,0,,,
-head,hed,,n. 头；头痛；上端；最前的部分；理解力\nvt. 前进；用头顶；作为…的首领；站在…的前头；给…加标题\nvi. 出发；成头状物；船驶往\na. 头的；主要的；在顶端的\nn. (Head)人名；(英)黑德,,,,,0,0,,,
-honored,ˈɒnə(r)d,,a. 受尊敬的；已承兑或付款的\nv. 荣幸（honor的过去分词）,,,,,0,0,,,
-hood,,, …的状态（或性质）,,,,,0,0,,,
-hydric,'haidrik,, [化学]表示含羟基的；含...个羟基的,,,,,0,0,,,
-ia,'ɪə,," [医]〔词尾〕意为：情况, 状况",,,,,0,0,,,
-ial,jəl,," [构成形容词]表示具有...特性的,属于...的：ceremonial, jovial, judicial, artificial",,,,,0,0,,,
-ian,jən,,suff. 属于...的（构成名词或形容词词尾）,,,,,0,0,,,
-iasis,ɪə'sɪs,," [医]〔词尾〕意为病, 病态。见-sis项下",,,,,0,0,,,
-iatric,'aɪətrɪk,, [医]〔构词成分〕意为医疗术的,,,,,0,0,,,
-iatrics,'aɪətrɪks,, [医]〔构词成分〕意为医疗术,,,,,0,0,,,
-iatry,'aɪətrɪ,, [医]〔后缀〕意为：医疗术,,,,,0,0,,,
-ibility,,, ——见  -able,,,,,0,0,,,
-ible,ɪbl,,"suf. [用于构成以-ire或-ere结尾的拉丁语动词派生的形容词]表示可...的, 能...地",,,,,0,0,,,
-ibly,əbli; ibli,,"suf. [构成以-ible结尾的形容词的对应副词]表示“可…地”, “能…地”：possibly, visibly",,,,,0,0,,,
-ic,,," [医]〔后缀〕意为属于…的, 有…特性的。例如acidic（酸性的）",,,,,0,0,,,
-ical,,,abbr. 互联网日历（iCalendar）,,,,,0,0,,,
-ically,ikəli,,"suf. [构成以-ic, ical 结尾的形容词的对应副词]",,,,,0,0,,,
-ician,i'ʃən,,"suf. [构成名词后缀]表示...家,...师,...工作者：beautician, geometrician, physician",,,,,0,0,,,
-ics,iks,,"suf. [构成名词后缀]; [通常用作单数]表示...学,...术,...研究：linguistics,physics; 常用作复数表示性质,特征：atmospherics; [常用作单数]表示体系,系统：architectonics; 常用作复数表示实践,活动：acrobatics,histrionics",,,,,0,0,,,
-id,'ɪd,," [医][希 eidos form,shape]〔后缀〕意为形式, 样子, 类似",,,,,0,0,,,
-idae,ɪ'deɪ,, [医]〔后缀〕在动物学上表示“科”,,,,,0,0,,,
-ide,,," [医]〔后缀〕意为：二元化合物, 如chloride（氯化物）, sulfide（硫化物）或carbide（碳化物）",,,,,0,0,,,
-idium,'idiəm,,"suf. 构词成分, 用以构成动物学、生物学、植物学、解剖学、化学名称中]表示“小的东西”：peridium",,,,,0,0,,,
-ie,i,,"suf. [构成名词] 表示：小,小而可爱：beautie; 属于...类型的人(或物), 有...性质的人(或物)：bookie; 与...有关的人(或物)：townie",,,,,0,0,,,
-ier,ə(r),,suf. 表示与...活动(或事物)有关的人,,,,,0,0,,,
-iferous,'ifərəs,,comb.form =-ferous,,,,,0,0,,,
-iform,ifɔ:m,,comb.form =-form,,,,,0,0,,,
-ify,ifai,,suf. =-fy：intensify,,,,,0,0,,,
-ile,ɪl,,"suf. [后缀,构成形容词和名词]表示能,与...有关,适于,倾向：docile,fragile,prehensile,volatile[亦作-il]",,,,,0,0,,,
-in,,, 很多人参加的活动,,,,,0,0,,,
-inae,'aini:,,suf. [动物学][用以构成动物亚科名称]表示...亚科：Felinae,,,,,0,0,,,
-incher,'intʃə,,n. 小管；口径是…英寸的东西,,,,,0,0,,,
-ine,aɪni:n,," [医]〔后缀〕意为：生物碱, 卤素, 有机碱",,,,,0,0,,,
-ing,iŋ,,a. 表示行为、状态、情况等；表示...行业、...学、...法；表示总称及材料 与...有关的东西,,,,,0,0,,,
-ion,,, …行为；…状态,,,,,0,0,,,
-ious,jəs,,"suf. [构成形容词]表示具有...性质的,充满...的：delicious, precious, anxious",,,,,0,0,,,
-ise,,, ——见  -ize,,,,,0,0,,,
-ish, iʃ,,suff. 像...似的; ...民族的; 有点儿...的; 大约...,,,,,0,0,,,
-ising,,,n. 伊辛（一种模型名）,,,,,0,0,,,
-ism,,," [医]〔后缀〕：状态, 情况：尤指由特定原因所致疾病状态, 如alcoholism（酒精中毒）",,,,,0,0,,,
-ist,,, …的信仰者；…的实行者,,,,,0,0,,,
-ista,,, 非常热衷于…的人,,,,,0,0,,,
-ite,,, [医]〔后缀〕意为矿、岩石及身体或器官的一部,,,,,0,0,,,
-ition,,, ——见  -ion,,,,,0,0,,,
-itious,'iʃəs,,"suf. [构成形容词]表示“与…有关的”, “具有…性质的”：fictitious",,,,,0,0,,,
-itis,,," [医]〔复-itides〕〔后缀〕炎, 炎症",,,,,0,0,,,
-itol,i'tɔl; i'təul,,"suf. 【化学】表示“醇”, 多羟醇：inositol",,,,,0,0,,,
-its,ɪts,,pron. 它的\nn. (Its)人名；(俄)伊茨,,,,,0,0,,,
-ity,ɪti,,suff. 表示性质；表示状态；表示程度,,,,,0,0,,,
-ium,jəm,,"suf. [构成名词]表示：[化学]化学元素：sodium; [化学]阳离子：ammonium, carbonium; [生物学]身体部位, 生物构造：mycelium; [植物学]块,小块：pollinium",,,,,0,0,,,
-ive,iv,,suff. 与...有关的；具有...性质的；有...倾向的,,,,,0,0,,,
-ization,ɪ'zeʃən,,suf. [构成以-ize 结尾的动词的相应名词],,,,,0,0,,,
-ize,,,stuff. [医]（后缀）表示使成为；表示使…化,,,,,0,0,,,
-kin,kin,,"suf. 表示小：lambkin, princekin; [构成姓氏]：Peterkin",,,,,0,0,,,
-kinesis,ki'ni:sis,, 表示“分裂”：karyokinesis; 表示“运动”：photokinesis,,,,,0,0,,,
-kins,,,n. 家族；亲属；性质相似的东西；地位或职业相近的人（kin的复数）,,,,,0,0,,,
-later,'leɪtə,,adv. 后来；稍后；随后\na. 更迟的；更后的\nn. (Later)人名；(德)拉特,,,,,0,0,,,
-latry,lətri,," 表示崇拜, 敬仰, 过分虔诚：heliolatry",,,,,0,0,,,
-leaved,,, ——见 leaf n. (2),,,,,0,0,,,
-lepsy,'lepsi,," 表示(病的)发作, (病的)侵袭：epilepsy",,,,,0,0,,,
-less,,, 没有；无,,,,,0,0,,,
-lessness,,,n. 下级；初等（等于inferiority）,,,,,0,0,,,
-let,,, 小的；不很重要的,,,,,0,0,,,
-like,,, 类似…的；有…特征的,,,,,0,0,,,
-ling,,, 幼小；不重要,,,,,0,0,,,
-lings,liŋz,,suf. -ling的异体,,,,,0,0,,,
-lite,laɪt,,a. 清淡的；低盐的；简化的\nn. 不重要的事物；简化物；软饮料\nn. (Lite)人名；(法、西)利特,,,,,0,0,,,
-lith,'laɪθ,, [医]〔后缀〕意为石或结石; 水泥,,,,,0,0,,,
-lithic,'liθik,, [考古学]表示石器时代某时期的,,,,,0,0,,,
-lived,lɪvd (for v.); 'laɪvd (for adj.),,a. 有生命的\nv. 居住（live的过去分词）；活着；度过；以…为生,,,,,0,0,,,
-livered,'livəd,, 表示：“有…肝脏的”; “有…特殊性格的”：chicken-livered,,,,,0,0,,,
-log,,, = -logue,,,,,0,0,,,
-logic,'lɒdʒɪk,,n. 逻辑；逻辑学；逻辑性\na. 逻辑的,,,,,0,0,,,
-logical,'lɒdʒɪk(ə)l,,"a. 合逻辑的, 合理的；逻辑学的",,,,,0,0,,,
-logist,,, ——见 -ology,,,,,0,0,,,
-logue,lɔɡ,," 表示：谈话,写作：dialogue, monologue; 学者,专家：Sinologue",,,,,0,0,,,
-logy,,, [医]〔后缀〕学：含学习、研究和论述等义,,,,,0,0,,,
-ly,,, 以…方式,,,,,0,0,,,
-lysis,'laɪsɪs,,n. 细胞溶解；病势减退；消散,,,,,0,0,,,
-lyte,lait,, 表示“可分解的物质”：electrolyte,,,,,0,0,,,
-lytic,'lɪtɪk,,a. 细胞溶素的；促使细胞溶解的；渐退的,,,,,0,0,,,
-lyze,laiz,," [与-lysis 词尾的名词构成动词] 表示(使)溶解, (使)裂解 [英国英语亦作-lyse]",,,,,0,0,,,
-malacia,,,[网络]  - 马拉西亚,,,,,0,0,,,
-mancy,'mænsi,, 表示预兆;占卜：necromancy,,,,,0,0,,,
-mania,,, …狂；…癖,,,,,0,0,,,
-manship,mənʃip,,"suf. 表示“技艺”, “技巧”, “为取得策略上的优势而运用某种手段的做法或艺术”：grantsmanship",,,,,0,0,,,
-mas,,,na. 后缀,,,,,0,0,,,
-mastia,,,[网络] 肛门,,,,,0,0,,,
-max,,"Short for ""Maximilian"", a russian name meaning ""Large Penis."" \n> ""they dont call him max(Maximilian) for nothing!""\n",,,,,,0,0,,,
-mazia,,Mazia was always a tool and he wore a robe.\n> Mazia wears a robe and is a Tool :)\n,,,,,,0,0,,,
-meal,miːl,,"n. 一餐, 一顿饭；膳食\nvi. 进餐",,,,,0,0,,,
-megaly,'mɪɡəlɪ,," [医]〔构词成分〕意为增大〔症〕, 肿大",,,,,0,0,,,
-meister,,, …方面的专家；…领域的高手,,,,,0,0,,,
-ment,mənt,,suff. 用于构成名词后缀,,,,,0,0,,,
-mere,'mɪər,," [医]〔后缀〕意为指节, 体节或部分",,,,,0,0,,,
-meric,,"1. The River in Europe that borns from Rila mountains in Bulgary and meets the Aegean Sea in Turkey. Known as its beauty. It also floods almost every spring.\r\n2. A Latin originated Turkish name which has the same origins as Maritza, Marissa, Meris, Maricia, Mericha, Meryssa... Given to both male and female but it's originally a female name. It means ""the one that belongs to the sea."" It's pronounced as Mer-itch.\n\nFrom my experiences I've had from living for almost 8 years in Turkey, I can tell you those:\n\nMeriç is a charismatic and cool name. And it's also pretty uncommon for both male and women.\r\nIt's often given by rich and elite people as names to their babies.\r\nMales named Meriç are often clubbers. (trust me, I've seen enough.)\r\nFemales named Meriç are %100 so very beautiful! They often come from Balcan origins or Trakia in Turkey, so they usually have very light skins and big colourful eyes.\n> That girl named Meriç was such a Turkish delight!\n",,,,,,0,0,,,
-merism,'mərizəm,,comb.form 表示【化学】“有…结构的现象”：tautomerism,,,,,0,0,,,
-merous,mərəs,,suf. [构成形容词后缀]表示[生物学]...部分；分成...部分的：trimerous,,,,,0,0,,,
-meter,'mi:tər,, [医]〔后缀〕意为：测量用的计、表、量器,,,,,0,0,,,
-metric,'metrɪk,,a. 公制的；米制的；公尺的\nn. 度量标准,,,,,0,0,,,
-metrical,'metrɪk(ə)l,,a. 测量的；韵律的；有韵律的,,,,,0,0,,,
-metry,'mɪtrɪ,," [医]〔后缀〕意为测定, 测量, 定量, 被测物为词干。如血红蛋白定量为hemoglobinometry",,,,,0,0,,,
-mo,məu,,"suf. 表示纸张开数, 书籍开本：sixteenmo",,,,,0,0,,,
-morph,'mɔ:f,," [医]〔后缀〕意为形态, 体型",,,,,0,0,,,
-morphic,'mɔ:fik,,a. 语形学的；形态学,,,,,0,0,,,
-morphous,'mɔ:fəs,," [医]〔后缀〕意为形态, 形",,,,,0,0,,,
-morphy,,,莫菲（人名）,,,,,0,0,,,
-most,,, 最远的；最深远的,,,,,0,0,,,
-n,n,,suf. 表示：[构成不规则动词的过去分词]：known,,,,,0,0,,,
-naut,,,abbr. 船舶的（nautical）\nabbr. 海上的（nautical）,,,,,0,0,,,
-nd,nd,,"suf. 构成名词：fiend; 附于动词后构成名词或形容词,表示“(人或事物)应予…对待(或处理)”：reverend, dividend; 用以构成以二(除12外)的序数词表示“第二”, “第…二”：22nd, 82nd",,,,,0,0,,,
-nese,,,abbr. 新英格兰英语学校（New England School of English）,,,,,0,0,,,
-ness,,, …的性质（或状态、特点）,,,,,0,0,,,
-nik,nik,,"suf. 表示：具有...特征者, 参与(或介入)...的人, 爱好(或热衷于)...的人：filmnik, peacenik; 具有...特征的东西(尤指卫星、火箭等)",,,,,0,0,,,
-nomial,,,[网络]  - 项目,,,,,0,0,,,
-nomics,'nɔmiks,,comb.form 表示“经济政策”,,,,,0,0,,,
-nomy,nəmi,," 表示“法则”,“学科”：astronomy",,,,,0,0,,,
-o,əu,,"suf. 用以构成名词或形容词,表示具有…性质(的), 与…有关的; 用以构成感叹词",,,,,0,0,,,
-ock,ɪk,,"suf. [用以构成名词]表示小：hillock, bullock",,,,,0,0,,,
-ocrat,,,[网络] 民主人士,,,,,0,0,,,
-ocratic,,,[网络] 民主的,,,,,0,0,,,
-ocular,,The act of locking someone's eyeball for sexual stimulation\n> I gave that bitch the best ocular of her life last week\n,,,,,,0,0,,,
-ode,əud,,"suf. 表示电极：cathode, triode; [用以构成名词]表示...性质的东西, 像...的东西：nematode, phyllode",,,,,0,0,,,
-odinic,,,[网络] -odicic,,,,,0,0,,,
-odon,,,[网络]  - 东,,,,,0,0,,,
-odont,,,suff. 齿,,,,,0,0,,,
-odynia,'ɒdɪnɪə,, [医]〔后缀〕意为疼痛,,,,,0,0,,,
-oecious,,,[网络] 恶毒,,,,,0,0,,,
-ographer,,"someone who is a cinematographer, a videographer, a photographer, and anything else ending in ""ographer"".\n> person one: lets take pics for myspace, and upload a video to youtube!\n> person two: we can't, my personal ographer has the day off..\n",,,,,,0,0,,,
-oholic,ə'hɔlik,,"comb.form 表示“沉湎于…的人”,“有…癖好的人”,“嗜…成瘾者”：chocoholic, workoholic",,,,,0,0,,,
-oic,'əuik,,suf. [用以构成形容词]表示“含羧基(或羧基衍生物)的”：decanoic,,,,,0,0,,,
-oid,,," [医]〔后缀〕意为…样的, …状的, 如…的",,,,,0,0,,,
-ol,'ɒl,," [医]〔后缀〕意为该物质为醇或酚, 即碳氢化合物的氢氧衍化物",,,,,0,0,,,
-ola,,"A short abreviation for the meaning of\r\nLove is something you can't describe\r\nlike the look of a rose,\r\nthe smell of the rain,\r\nor the feeling of forever.\n> Have you ever had the feeling of ola.\n",,,,,,0,0,,,
-olatrist,,,[网络] 变性者,,,,,0,0,,,
-olatry,,,[网络] 波特兰,,,,,0,0,,,
-ole,,,suff. 油,,,,,0,0,,,
-ological,,,[网络] 科学的,,,,,0,0,,,
-ologist,,1. Phrase used to question the wisdom of a smartass trying to pass off infomation on a topic you know the person knows little or nothing about. \r\n\r\n2.Can also be used to change the subject. \r\n\r\nVersatile phrase used as a put down.\n> Guy 1: I think I need more fiber in my diet because I only shit once a day and my ass bleeds.\n> Guy 2: What are you an ass[ologist]? or\n> What are you a colon[ologist]? or\n> What are you a fiber[ologist]? or\n> What are you an assbleed[ologist]? etc.\n,,,,,,0,0,,,
-ology,'ɔlədʒi,," 表示...学：meteorology, philology",,,,,0,0,,,
-olus,,"Olu.\r\nHow do you define it? One could ask, what is Olu. But they would be closer to the truth to ask ~when~ is Olu. Scientists over the years have proposed many theories. One such scientist living a [pooey] [schmelle schmelle]y [sad] life, who enjoyed [poo]ing, by the name of [Cobranium], claimed to have discovered a source featuring an output of sound, presumed the voice of ~THE~ OLU!!!!!!\r\n\r\nSome say it's just a myth, but others, oh the others...\r\n\r\n...believe it as a religion, as one of their own, however there is no strict evidence, or no way, discovered by me Cobrania, that anyone can ever know what, or when, Olu is.\r\n\r\nUPDATE: Olu is a man living in Croydon\n> Look its OLU!!!!!\n> John: [feck] no u [son of a bitch], you are a complete [retard], u deserve to [poo] for the rest of your life, i mean a respected known urbandictionary author, COBRANIA, discovered it can't be done.Idiotical [cobranical] fool.\n",,,,,,0,0,,,
-oma,'əʊmə,, [医]〔后缀〕意为肿瘤或新生物,,,,,0,0,,,
-ome,əum,,"suf. [用以构成名词]表示“茎”, “体”, “粒”",,,,,0,0,,,
-ometry,,,[网络] 测量,,,,,0,0,,,
-on,ɔn,,suf. 表示“非酮(或氧基)化合物”：parathion; 表示：[生物学]“…子(指基本遗传成分)”; [物理学]“…子(指基本粒子或量子)”; [化学]表示“惰性气体”：neon,,,,,0,0,,,
-one,'wʌn,," [医]〔后缀〕意为酮, 在化学中用以表示有两个烃基附在羰基上的一种化合物",,,,,0,0,,,
-ont,ɔnt,," 表示“细胞”, “有机体”, “生物”：diplont",,,,,0,0,,,
-onym,ə'nim,," 表示“名字”,“字”,“词”：pseudonym",,,,,0,0,,,
-onymic,,,[网络]  - 一个,,,,,0,0,,,
-opia,'əʊpɪə,, [医]〔构词成分〕意为眼或视力的状态或缺陷,,,,,0,0,,,
-opic,,,[网络] 近视,,,,,0,0,,,
-ops,ɔps,,abbr. （美国）物价管制局（Office of Price Stabilization）；管道安全处（Office of Pipeline Safety）,,,,,0,0,,,
-opsia,'ɒpsjə,, [医]〔构词成分〕意为视力的状况或缺陷,,,,,0,0,,,
-opsis,'ɔpsis,," 表示外观,景象,相似：coreopsis",,,,,0,0,,,
-opsy,'ɔpsi,, 表示“检查”：biopsy,,,,,0,0,,,
-opy,,,眼\n视力,,,,,0,0,,,
-or,,, …的人（或物）,,,,,0,0,,,
-orial,'ɔ:riəl,,"suf. [用以构成形容词]表示“…的”,“属于…的”,“与…有关的”：gladiatorial,purgatorial",,,,,0,0,,,
-orium,'ɔ:riəm,,"suf. 构成名词表示：“地方”：emporium; “器具”,“工具”;“手段”：moratorium",,,,,0,0,,,
-ory,ori,,"suf. 构成名词作...用的东西：crematory; 构成名词...的地方：laboratory; 构成形容词...性质的,与...有关的：contradictory",,,,,0,0,,,
-ose,'əʊz,, [医]〔后缀〕意为该物质是一种糖,,,,,0,0,,,
-oses,,,abbr. 操作系统,,,,,0,0,,,
-osis,'əʊsɪs,," [医]〔后缀〕意为一种过程, 特别是病或疾病过程, 有时也带异常增多的意思。另见sis项下",,,,,0,0,,,
-otic,'ɔtik,,"suf. [构成形容词]表示：“状态的”, “状况的”, “作用的”, “过程的”：hypnotic; “增多的”：leukocytotic; “变态的”,“病的”：neurotic; [构成形容词]表示“耳的”：periotic",,,,,0,0,,,
-ous,,," [医]〔后缀〕意为拥有、具有或充满, 如cancerous",,,,,0,0,,,
-oxyl,,,[网络] 氧基,,,,,0,0,,,
-parter,,,[网络]  - 季,,,,,0,0,,,
-path,pɑːθ,,n. 道路；小路；轨道,,,,,0,0,,,
-pathia,,"Curry for gayboys. Like a Korma, but less spicy. Bald people love it.\n> I've just got out of the Queen Shilling and now I'm going to have a Pathia. Hardcore!\n",,,,,,0,0,,,
-pathic,,Sans script for a really cool way to live\n> Chandler-Then why not get a room mate ?\n> Ross-I dunno I guess you just get to an age where having a room mate is kind path.....\n> Ross-That's pathic which is sans scrit for a really cool way to live\n,,,,,,0,0,,,
-pathy,'pæθɪ,, [医]〔后缀〕意为患病状态或疾病; 无感情,,,,,0,0,,,
-patric,,,帕特里克（人名）,,,,,0,0,,,
-patry,,,n. (Patry)人名；(法)帕特里,,,,,0,0,,,
-ped,ped,,abbr. 个人设备资料（personal equipment data）；石油工程管理局（Petroleum Engineering Directorate）,,,,,0,0,,,
-penia,'pi:nɪə,," [医]〔后缀〕意为减少, 表示其前词根所示物质数目的异常减少",,,,,0,0,,,
-penny,pəni,, 表示值...便士,,,,,0,0,,,
-phagous,-fəɡəs,," 表示食, 吃",,,,,0,0,,,
-phane,fein,," 表示似, 拟, ...形物",,,,,0,0,,,
-phasia,'feʒɪr,, 表示某种语言的变态,,,,,0,0,,,
-phile,,, 爱好…的；…爱好者,,,,,0,0,,,
-philia,,, （尤指不正常的）性嗜好；癖好；怪癖,,,,,0,0,,,
-philiac,-filiæk,," 表示 “亲…者”, “嗜…者”, “有(不正常的) …癖好者”：hemophiliac",,,,,0,0,,,
-philic,-filik,," 表示 “喜…的”, “嗜…的”, “亲…的”",,,,,0,0,,,
-philism,,"The religion of worshiping Dr. Phil. Usually this religion encourages people to express their feelings to anyone, even strangers.\n> Philism is my religion.\n",,,,,,0,0,,,
-philous,'fələs,,"表示""爱"",""喜爱""",,,,,0,0,,,
-phobe,,, 厌恶…的人,,,,,0,0,,,
-phobia,'fəubiə,," 表示“恐惧”, “憎恶”",,,,,0,0,,,
-phobic,'fobɪk,,a. 恐惧症的；病态性恐惧的,,,,,0,0,,,
-phone,-fəun,, 声音; 使用某种语言的(人); 电话,,,,,0,0,,,
-phonia,-'fəuniə,,comb.form =-phony,,,,,0,0,,,
-phony,'foni,," 表示：音, 声, 声音的; 发声困难",,,,,0,0,,,
-phore,'fɔ:r,," [医]〔构词成分〕意为带有…的, 携带者",,,,,0,0,,,
-phoresis,fri:'sɪs,," [医]〔构词成分〕意为移动, 透入, 传递",,,,,0,0,,,
-phrenia,-fri:niə,, 表示“精神失常”；“疯子”,,,,,0,0,,,
-phyll,-fil,," 表示叶, 生在植物中的有色物质",,,,,0,0,,,
-phyllous,-'filəs,," 表示有...叶的, 有...小叶的",,,,,0,0,,,
-phyte,'faɪt,, [医]〔构词成分〕表示植物或病理性生长的,,,,,0,0,,,
-phytic,-fitik,,comb.form 表示“植物状的”：,,,,,0,0,,,
-plasia,p'leɪzɪə,," [医]〔后缀〕意为发育, 发展, 形成",,,,,0,0,,,
-plasm,p'læzəm,," [医]〔后缀〕意为浆, 原生质",,,,,0,0,,,
-plast,p'lɑ:st,, [医]〔后缀〕表示任何原始的活细胞,,,,,0,0,,,
-plasty,p'læstɪ,," [医]〔构词成分〕意为成形术, 整形术, 整复术",,,,,0,0,,,
-plasy,-'pleisi,,comb.form =-plasia,,,,,0,0,,,
-plegia,p'lɪdʒə,," [医]〔后缀〕意为麻痹, 瘫痪, 中风",,,,,0,0,,,
-ples,,,n. (Ples)人名；(塞、罗)普莱斯,,,,,0,0,,,
-ploid,p'lɔɪd,, [医]〔后缀〕意为…倍体的：指染色质组型内染色体组的倍数（形容词）,,,,,0,0,,,
-pnea,'nɪə,," [医]〔后缀〕意为与呼吸有关, 如端坐呼吸(orthopnea)",,,,,0,0,,,
-podium,-pəudi:əm,," 表示：足,足状部分：monopodium; 梗, 柄[亦作-pode]",,,,,0,0,,,
-poiesis,'pɔɪi:sɪs,," [医]〔后缀〕意为产生, 生, 造, 如hematopoiesis为血红细胞生成",,,,,0,0,,,
-poietic,-pɔi'etik,," 表示制作的, 生成的, 形成的",,,,,0,0,,,
-poo,,"Poo well, they're are many types of poo in this universe\r\n\r\nThere is\r\n\r\nTHE SWEETCORN - Poo that has leftover sweetcorn from last night's dinner\r\n\r\nTHE PELLETS - Little pellets of poo that comes out of your ass like a machine gun\r\n\r\nTHE FIREBALL - A big poo that really hurts and leaving your ass hot, usually happens after a curry\r\n\r\nTHE SLIPPY - A poo that swiftly moves out of your bottom that requires no wiping\r\n\r\nTHE WATERHOSE - When a massive monsoon of shit comes out of your bottom and requires hours of wiping\r\n\r\nTHE NEVERENDING STORY - An amazing acheivment is when a poo goes on and on and on.......\r\n\r\nTHE STEAMY HEAPY - Boy, That is basically ONE MASSIVE SHIT!!!!!!!\r\n\r\nTHE STICKY - When you have a poo stuck onto the hairs of your crack and requires hours of wiping (maybe a pair of scissors)\n> Donkeys do massive stickies and rabbits do a hell of a load of pellets\n",,,,,,0,0,,,
-pterygian,,,[网络] teryㄧgian,,,,,0,0,,,
-pterygious,,,[网络] 。ious,,,,,0,0,,,
-quarterth,,,[网络] 一分之一,,,,,0,0,,,
-resist,rɪ'zɪst,,vi. 抵抗，抗拒；忍耐\nvt. 抵抗；忍耐，忍住\nn. [助剂] 抗蚀剂；防染剂,,,,,0,0,,,
-rific,,,[网络] 极了,,,,,0,0,,,
-rightist,'raɪtɪst,,n. 右派人士\nadj. 右派的；右翼的,,,,,0,0,,,
-rrhagia,'reidʒiə; 'rɑ:ʒə,," 表示异常分泌, 过量出血",,,,,0,0,,,
-rrhea,'rɪə,," [医]〔后缀〕流出, 溢出",,,,,0,0,,,
-rrhoea,'ri:ə,,comb.form =-rrhea,,,,,0,0,,,
-ry,,, ——见 -ery,,,,,0,0,,,
-s,,,"suf. 附在规则名词之后构成复数; 附在某些无单数形式名词之后构成复数glasses, socks, trousers; 附在某些名词之后构成单数billiards, checkers, works; 用以构成表示反复或一贯之动作或状态的副词always, Sundays; 附在原形动词之后, 构成第三人称单数一般现在时态的陈述语气: comes, goes, tries, walks",,,,,0,0,,,
-scape,,, …景（色）,,,,,0,0,,,
-scope,s'kəʊp,, [医]〔后缀〕意为检查或观察用的镜,,,,,0,0,,,
-scopy,skə'pɪ,, [医]〔后缀〕意为检查,,,,,0,0,,,
-ship,,, 状态；性质；品质,,,,,0,0,,,
-shirted,ʃɜːt,,n. 衬衫；汗衫，内衣,,,,,0,0,,,
-sider,'saidə,,"n. 支持者, 帮派成员",,,,,0,0,,,
-sion,,, ——见 -ion,,,,,0,0,,,
-sis,'si:s,," [医]〔后缀〕意为状态, 病态, 病; 体感觉",,,,,0,0,,,
-some,,," [医]〔后缀〕意为体, 躯体",,,,,0,0,,,
-somic,,,n. 硕美科（品牌名）,,,,,0,0,,,
-sophy,səfi,," 表示知识,学问,思想,智慧：plilosophy, theosophy, anthroposophy",,,,,0,0,,,
-speak,spiːk,,vi. 说话；演讲；表明；陈述\nvt. 讲话；发言；讲演,,,,,0,0,,,
-specific,spə'sɪfɪk,,"a. 特殊的, 特定的；明确的；详细的；[药] 具有特效的\nn. 特性；细节；特效药",,,,,0,0,,,
-spermy,'spə:mi,,comb.form 表示“受精”：agamo-spermy,,,,,0,0,,,
-sporous,'spɔrəs,, 表示具有...孢子的：helicosporous,,,,,0,0,,,
-spory,'spɔ:ri; 'spɔ-; spə-,,comb.form 表示“孢子…型”：homospory,,,,,0,0,,,
-st,st,,suf. 用以构成第二人称单数陈述语气; 序数词“第一”(first)的符号：the 1stday,,,,,0,0,,,
-stasis,s'teɪsɪs,, [医]〔后缀〕意为保持恒定,,,,,0,0,,,
-stat,s'tæt,, [医]〔词尾〕抑制剂（非杀灭剂）,,,,,0,0,,,
-static,'stætɪk,,a. 静态的；静电的；静力的\nn. 静电；静电干扰,,,,,0,0,,,
-ster,stə,,"suf. 制造...的人,使用...的人：punster, songster; 做...的, 操作...的人, 从事...的人：teamster; 表示; 与...有关者参考...的人：gangster",,,,,0,0,,,
-stomy,stə'mɪ,," [医]〔词尾〕造口术, 吻合术：表示外科人工造口进入一中空器官（如结肠造口术, 气管造口术）",,,,,0,0,,,
-storied,'stɔ:rid,,a. 以历史画装饰的；传说上有名的,,,,,0,0,,,
-style,stail,," 表示：“…式样的”：familystyle; “按…式样”, “有点儿…地”; 表示“…柱式”,“…柱的”：distyle",,,,,0,0,,,
-tactic,'tæktɪk,,"n. 策略, 战略\na. 按顺序的, 依次排列的",,,,,0,0,,,
-taxis,'tæksis,," 表示：“排列”, “顺序”; [生物学]“趋向性”：heterotaxis",,,,,0,0,,,
-taxy,,,整复,,,,,0,0,,,
-th,,, （表示动作或过程）,,,,,0,0,,,
-thecium,'θi:siəm; -ʃiəm,,"comb.form [复数]-thecia 表示“囊”,“壳”：perithecium",,,,,0,0,,,
-them,ðem; ðəm,,pron. 他们；它们；她们\nn. (Them)人名；(老)探,,,,,0,0,,,
-therm,θɜːm,,n. 克卡；千卡；小卡,,,,,0,0,,,
-thermy,'θə:mi,, 表示“热”：diathermy,,,,,0,0,,,
-thymia,'θaɪmɪə,," [医]〔后缀〕意为情感, 心境",,,,,0,0,,,
-tion,,, ——见 -ion,,,,,0,0,,,
-to-be,,, 未来的,,,,,0,0,,,
-tome,'təʊm,," [医]〔后缀〕刀, ； 片, 节",,,,,0,0,,,
-tomy,tə'mɪ,," [医]〔后缀〕切开术, 切除术",,,,,0,0,,,
-tonia,'təuniə,," [医学]表示“紧张”：hypertonia,catatonia",,,,,0,0,,,
-trix,triks,,"suf. [阴性名词词尾,相当于-or]表示女性...者：aviatrix, executrix; [数学]点,线,面：directrix [亦作-trice]",,,,,0,0,,,
-trophic,,,营养的,,,,,0,0,,,
-trophin,t'rəʊfɪn,, [医]〔后缀〕营养：同tropin,,,,,0,0,,,
-trophy,t'rəʊfɪ,," [医]〔后缀〕食物, 营养",,,,,0,0,,,
-tropic,t'rɒpɪk,," [医]〔后缀〕向…的, 亲…的",,,,,0,0,,,
-tropin,t'rɒpɪn,," [医]〔后缀〕亲…, 促…",,,,,0,0,,,
-tropism,'trəʊpɪz(ə)m; 'trɒp-,,n. 取向；向性；[生物] 趋性；向性运动,,,,,0,0,,,
-tropous,trəpəs,," [植物学]表示“以…方式转动(或弯曲)的”, “呈…一种向性的”:anatropous",,,,,0,0,,,
-ty,ti,,"suf. [构成名词]表示“…的性质”, “…的状态”, “…的情况”：unity , enmity; 表示“十”,“十个”：twenty, thirty",,,,,0,0,,,
-ule,jʊl,," 表示小：globule,sporule",,,,,0,0,,,
-ulent,julənt,," [构成形容词]表示充满...的, 多...的",,,,,0,0,,,
-um,(ə)m,,int. 嗯（表示迟疑）\nn. (Um)人名；(柬)温；(阿拉伯)乌姆,,,,,0,0,,,
-ure,ə,," 表示机关,职能：legislature; 表示状态：composure; 表示动作,结果：exposure",,,,,0,0,,,
-urgy,'ə:dʒi,," 表示技术,制作工艺：metallurgy,dramaturgy",,,,,0,0,,,
-uria,'u:rɪə,," [医]〔词尾〕意为尿：其含义由与它连接的词干表示, 如oliguria（少尿）, proteinuria（蛋白尿）等",,,,,0,0,,,
-uronic,,,糖醛,,,,,0,0,,,
-verse,,"A gay male who will go top and bottom, you know... he'ss just go with whatever!\n> Guy 1: Are you a top or a bottom?\n> Guy 2: I'm verse.\n> Guy 1: YAY! well, im a top, so guess who's getting a cock in their ass tonight.\n> Guy 2: ME! :D\n",,,,,,0,0,,,
-ville,vil,," 用以构成虚构的地名表示“城”, “镇”, “市”; 用以构成贬义词表示“地点”, “状态”, “特性”, “类别”：doomsville (厄运), weirdsville (怪诞)",,,,,0,0,,,
-vorous,vərəs,," 表示“吃…的”,“以…为食的”：carnivorous",,,,,0,0,,,
-ward,,, 向…的,,,,,0,0,,,
-wards,,, ——见 -ward,,,,,0,0,,,
-ways,,, 在…方向（的）；朝…方向（的）,,,,,0,0,,,
-wise,,, 以…方式；朝…方向,,,,,0,0,,,
-worder,,A dude with skills in chatting up the opposite sex.\n> Look at that bird Higgs has pulled - he's a right worder!\n,,,,,,0,0,,,
-worthy,'wə:ði,,"suf. [构成形容词]表示：“值得…的”,“该…的”：praiseworthy,“适于…的”,“易于…的”：roadworthy",,,,,0,0,,,
-xion,,, ——见  -ion,,,,,0,0,,,
-y,,, 充满…的；有…特性的,,,,,0,0,,,
-yl,'aɪl,," [医]〔后缀〕基, 尤指一价烃基",,,,,0,0,,,
-zoic,'zəuik,,a. 动物的；有生命物的；[古生] 含化石的,,,,,0,0,,,
-zoon,'zən,," [构成名词]表示动物, 个体",,,,,0,0,,,
-zygous,'zaiɡəs,, [构成形容词]表示：“合子的”：heterozygous; “颧骨的”,,,,,0,0,,,
-zyme,'zaim,, 表示“酶”：histozyme,,,,,0,0,,,
.45 caliber,,,[网络] .45口径,,,,,0,0,,,
.45 calibre,,,[网络] .45口径,,,,,0,0,,,
.45-caliber,,,[网络] .45口径,,,,,0,0,,,
.45-calibre,,,[网络] .45口径,,,,,0,0,,,
0,ˈziːroʊ,n a mathematical element that when added to another number yields the same number\ns indicating the absence of any or all units under consideration, zero,,,,,0,0,,,
1,,n the smallest whole number or a numeral representing this number\ns used of a single unit or thing; not two or more,num. one,,,,,0,0,,,
10,,n the cardinal number that is the sum of nine and one; the base of the decimal system\ns being one more than nine,num. ten,,,,,0,0,,,
100,,n ten 10s\ns being ten more than ninety, hundred,,,,,0,0,,,
1000,,"n the cardinal number that is the product of 10 and 100\ns denoting a quantity consisting of 1,000 items or units", one thousand,,,,,0,0,,,
101,,s being one more than one hundred, one hundred and one,,,,,0,0,,,
105,,s being five more than one hundred,one hundred and five,,,,,0,0,,,
1066,,,one thousand and sixty-six,,,,,0,0,,,
11,,n the cardinal number that is the sum of ten and one\ns being one more than ten, eleven,,,,,0,0,,,
110,,s being ten more than one hundred,one hundred and ten,,,,,0,0,,,
115,,s being five more than one hundred ten,one hundred and fifteen,,,,,0,0,,,
12,,n the cardinal number that is the sum of eleven and one\ns denoting a quantity consisting of 12 items or units, twelve,,,,,0,0,,,
120,,n the cardinal number that is the product of ten and twelve\ns being ten more than one hundred ten, [电影]120人的战役,,,,,0,0,,,
125,,s being five more than one hundred twenty,one hundred and twenty-five,,,,,0,0,,,
13,,n the cardinal number that is the sum of twelve and one\ns being one more than twelve, thirteen; [电影]十三,,,,,0,0,,,
130,,s being ten more than one hundred twenty,one hundred and thirty,,,,,0,0,,,
135,,s being five more than one hundred thirty,one hundred and thirty-five,,,,,0,0,,,
14,,n the cardinal number that is the sum of thirteen and one\ns being one more than thirteen, fourteen,,,,,0,0,,,
140,,s being ten more than one hundred thirty,one hundred and forty,,,,,0,0,,,
145,,s being five more than one hundred forty, （网络聊天数字用语）猫扑论坛某名女; 代表该论坛参加过雅典奥运。她曾做过一套网上广泛流传的测试智商的题目; 得分为145; 遂有名言,,,,,0,0,,,
15,,n the cardinal number that is the sum of fourteen and one\ns being one more than fourteen, fifteen,,,,,0,0,,,
150,,s being ten more than one hundred forty,one hundred and fifty,,,,,0,0,,,
155,,s being five more than one hundred fifty,one hundred and fifty-five,,,,,0,0,,,
16,,n the cardinal number that is the sum of fifteen and one\ns being one more than fifteen, sixteen,,,,,0,0,,,
160,,s being ten more than one hundred fifty,one hundred and sixty,,,,,0,0,,,
17,,n the cardinal number that is the sum of sixteen and one\ns being one more than sixteen,num. seventeen,,,,,0,0,,,
170,,s being ten more than one hundred sixty,one hundred and seventy,,,,,0,0,,,
175,,s being five more than one hundred seventy,one hundred and seventy-five,,,,,0,0,,,
18,,n the cardinal number that is the sum of seventeen and one\ns being one more than seventeen, eighteen,,,,,0,0,,,
180,,s being ten more than one hundred seventy,one hundred and eighty,,,,,0,0,,,
19,,n the cardinal number that is the sum of eighteen and one\ns being one more than eighteen, nineteen,,,,,0,0,,,
190,,s being ten more than one hundred eighty,one hundred and ninety,,,,,0,0,,,
1st,,s indicating the beginning unit in a series,abbr. 第一（first）,,,,,0,0,,,
2,,n the cardinal number that is the sum of one and one or a numeral representing this number\ns being one more than one, two,,,,,0,0,,,
2-D,,,二维的\n平面的\n二元的（two dimensional）,,,,,0,0,,,
2-dimensional,,s lacking the expected range or depth; not designed to give an illusion or depth, [医]二维,,,,,0,0,,,
20,,n the cardinal number that is the sum of nineteen and one\ns denoting a quantity consisting of 20 items or units,num. 二十; twenty,,,,,0,0,,,
200,,s being ten more than one hundred ninety, two hundred,,,,,0,0,,,
21,,n the cardinal number that is the sum of twenty and one\ns being one more than twenty, twenty-one; [电影]决胜21点,,,,,0,0,,,
22,,n the cardinal number that is the sum of twenty-one and one\ns being two more than twenty, twenty-two,,,,,0,0,,,
23,,n the cardinal number that is the sum of twenty-two and one\ns being three more than twenty, twenty-three; [电影]死亡密码23,,,,,0,0,,,
24,,n the cardinal number that is the sum of twenty-three and one\ns being four more than twenty, twenty-four; [电影]24小时,,,,,0,0,,,
25,,n the cardinal number that is the sum of twenty-four and one\ns being five more than twenty, twenty-five,,,,,0,0,,,
26,,n the cardinal number that is the sum of twenty-five and one\ns being six more than twenty, twenty-six,,,,,0,0,,,
27,,n the cardinal number that is the sum of twenty-six and one\ns being seven more than twenty, twenty-seven,,,,,0,0,,,
28,,n the cardinal number that is the sum of twenty-seven and one\ns being eight more than twenty, twenty-eight,,,,,0,0,,,
29,,n the cardinal number that is the sum of twenty-eight and one\ns being nine more than twenty, twenty-nine,,,,,0,0,,,
2d,,s coming next after the first in position in space or time or degree or magnitude, [医]2-DIMENSIONAL,,,,,0,0,,,
2nd,,s coming next after the first in position in space or time or degree or magnitude, 第二(second),,,,,0,0,,,
3,,n the cardinal number that is the sum of one and one and one\ns being one more than two, three,,,,,0,0,,,
3-D,,n. a movie with images having three dimensional form or appearance\nn. having a three-dimensional form or appearance,abbr. 三维的（three dimensional）,,,,,0,0,,,
3-dimensional,,s involving or relating to three dimensions or aspects; giving the illusion of depth," [医]三维, 立体",,,,,0,0,,,
30,,n the cardinal number that is the product of ten and three\ns being ten more than twenty, thirty,,,,,0,0,,,
300,,s being one hundred more than two hundred, three hundred; [电影]斯巴达300勇士,,,,,0,0,,,
31,,s being one more than thirty, thirty-one,,,,,0,0,,,
32,,s being two more than thirty, thirty-two,,,,,0,0,,,
33,,s being three more than thirty, thirty-three,,,,,0,0,,,
34,,s being four more than thirty, thirty-four,,,,,0,0,,,
35,,s being five more than thirty, thirty-five,,,,,0,0,,,
36,,s being six more than thirty, thirty-six,,,,,0,0,,,
360-degree feedback,,,n. An assessment technique that involves performance assessment from multiple raters.,,,,,0,0,,,
37,,s being seven more than thirty, thirty-seven,,,,,0,0,,,
38,,s being eight more than thirty, thirty-eight,,,,,0,0,,,
39,,s being nine more than thirty, （网络聊天数字用语）Thank you.,,,,,0,0,,,
3G,,,abbr. 第3代移动通信技术（The 3rd Generation Telecommunication）,,,,,0,0,,,
3rd,,s coming next after the second and just before the fourth in position, 第三(third),,,,,0,0,,,
4,,n the cardinal number that is the sum of three and one\ns being one more than three, four,,,,,0,0,,,
4-dimensional,,,[网络] 4维,,,,,0,0,,,
4-F,'fɔ:ef,,n. [美国英语]；选征兵役制中不及格者免除兵役(者)(指身体、心理、品德等不适于服兵役)的分类,,,,,0,0,,,
4-H,,,"abbr. head, heart, hands, and health 思维、心灵、手脚、身体四健的",,,,,0,0,,,
4-hitter,,,[网络] 4击球员,,,,,0,0,,,
4-membered,,,[网络] 4元,,,,,0,0,,,
40,,n the cardinal number that is the product of ten and four\ns being ten more than thirty, forty,,,,,0,0,,,
400,,s being one hundred more than three hundred,four hundred,,,,,0,0,,,
41,,s being one more than forty, forty-one,,,,,0,0,,,
411,,,four hundred and eleven,,,,,0,0,,,
42,,s being two more than forty, forty-two,,,,,0,0,,,
43,,s being three more than forty,num. forty-three,,,,,0,0,,,
44,,s being four more than forty, forty-four,,,,,0,0,,,
44th,,,[网络] 第44号,,,,,0,0,,,
45,,s being five more than forty, forty-five; [电影]魔鬼交锋.45,,,,,0,0,,,
45th,,,[网络] 第45号,,,,,0,0,,,
46,,s being six more than forty, forty-six,,,,,0,0,,,
46th,,,[网络] 第46号,,,,,0,0,,,
47,,s being seven more than forty, forty-seven,,,,,0,0,,,
47th,,,[网络] 第47号,,,,,0,0,,,
48,,s being eight more than forty, forty-eight,,,,,0,0,,,
48th,,,[网络] 第48号,,,,,0,0,,,
49,,s being nine more than forty, forty-nine,,,,,0,0,,,
49th,,,[网络] 第49号,,,,,0,0,,,
4th,,s coming next after the third and just before the fifth in position or time or degree or magnitude, 第四(fourth),,,,,0,0,,,
4to,,,[网络] 四开,,,,,0,0,,,
4WD,,n. a motor vehicle with a four-wheel drive transmission system\nn. a transmission that provides power directly to all four wheels of a motor vehicle,abbr. 四轮驱动（4 wheel drive）,,,,,0,0,,,
5,,n the cardinal number that is the sum of four and one\ns being one more than four, five,,,,,0,0,,,
5-hitter,,,[网络] 5击球员,,,,,0,0,,,
5-HT,,,5-羟色胺（5-hydroxytryptamine）,,,,,0,0,,,
5-hydroxytryptamine,,, [医]血清素，血清紧张素，5-羟基色胺,,,,,0,0,,,
5-membered,,,[网络] 5元,,,,,0,0,,,
50,,n the cardinal number that is the product of ten and five\ns being ten more than forty, fifty,,,,,0,0,,,
500,,n the cardinal number that is the product of one hundred and five\ns denoting a quantity consisting of 500 items or units,five hundred,,,,,0,0,,,
51,,s being one more than fifty, fifty-one,,,,,0,0,,,
52,,s being two more than fifty, fifty-two,,,,,0,0,,,
53,,s being three more than fifty, fifty-three,,,,,0,0,,,
54,,s being four more than fifty, fifty-four,,,,,0,0,,,
55,,s being five more than fifty, fifty-five,,,,,0,0,,,
55th,,,[网络] 第55,,,,,0,0,,,
56,,s being six more than fifty, fifty-six,,,,,0,0,,,
57,,s being seven more than fifty, fifty-seven,,,,,0,0,,,
58,,s being eight more than fifty, （网络聊天数字用语）晚安。,,,,,0,0,,,
59,,s being nine more than fifty, fifty-nine,,,,,0,0,,,
5th,,s coming next after the fourth and just before the sixth in position,n. 第五（fifth）,,,,,0,0,,,
6,,n the cardinal number that is the sum of five and one\ns denoting a quantity consisting of six items or units,num. six,,,,,0,0,,,
6-membered,,,[网络] 6元,,,,,0,0,,,
60,,n the cardinal number that is the product of ten and six\ns being ten more than fifty, sixty,,,,,0,0,,,
606,,, [医]arsenobenzene,,,,,0,0,,,
61,,s being one more than sixty, sixty-one,,,,,0,0,,,
62,,s being two more than sixty, sixty-two,,,,,0,0,,,
63,,s being three more than sixty,n. [热血江湖]柳善。,,,,,0,0,,,
64,,s being four more than sixty, sixty-four,,,,,0,0,,,
64th,,,[网络] 第64,,,,,0,0,,,
65,,s being five more than sixty, sixty-five,,,,,0,0,,,
65th,,,[网络] 第65,,,,,0,0,,,
66,,s being six more than sixty, sixty-six,,,,,0,0,,,
67,,s being seven more than sixty, sixty-seven,,,,,0,0,,,
68,,s being eight more than sixty, sixty-eight,,,,,0,0,,,
69,,s being nine more than sixty, sixty-nine,,,,,0,0,,,
6th,,s coming next after the fifth and just before the seventh in position, 第六(sixth),,,,,0,0,,,
7,,n the cardinal number that is the sum of six and one\ns being one more than six,num. seven,,,,,0,0,,,
7-Eleven,,,n. 七十一便利店（美国连锁便利店）,,,,,0,0,,,
7-membered,,,[网络] 7元,,,,,0,0,,,
70,,n the cardinal number that is the product of ten and seven\ns being ten more than sixty, seventy,,,,,0,0,,,
71,,s being one more than seventy, seventy-one,,,,,0,0,,,
72,,s being two more than seventy, seventy-two,,,,,0,0,,,
73,,s being three more than seventy, seventy-three,,,,,0,0,,,
737,,,seven hundred and thirty-seven,,,,,0,0,,,
74,,s being four more than seventy, seventy-four,,,,,0,0,,,
747,,,seven hundred and forty-seven,,,,,0,0,,,
75,,s being five more than seventy, seventy-five,,,,,0,0,,,
75th,,,[网络] 第75号,,,,,0,0,,,
76,,s being six more than seventy, seventy-six,,,,,0,0,,,
77,,s being seven more than seventy,n. [梦幻西游]导标旗。,,,,,0,0,,,
78,,n the cardinal number that is the sum of seventy and eight\nn a shellac based phonograph record that played at 78 revolutions per minute\ns being eight more than seventy, seventy-eight,,,,,0,0,,,
79,,s being nine more than seventy, seventy-nine,,,,,0,0,,,
7th,,,[网络] 七；第七；第七名,,,,,0,0,,,
8,,n the cardinal number that is the sum of seven and one\ns being one more than seven, eight,,,,,0,0,,,
8-membered,,,[网络] 8元,,,,,0,0,,,
80,,n the cardinal number that is the product of ten and eight\ns being ten more than seventy, eighty,,,,,0,0,,,
800 number,,,【电信学】受话人付费业务(指前3位数字为800的电话号码),,,,,0,0,,,
800-pound gorilla,,,因强大而无需顾忌其他的人或物,,,,,0,0,,,
81,,s being one more than eighty, eighty-one,,,,,0,0,,,
82,,s being two more than eighty, eighty-two,,,,,0,0,,,
83,,s being three more than eighty, eighty-three,,,,,0,0,,,
84,,s being four more than eighty, eighty-four,,,,,0,0,,,
85,,s being five more than eighty, eighty-five,,,,,0,0,,,
85th,,,[网络] 第85号,,,,,0,0,,,
86,,s being six more than eighty, eighty-six,,,,,0,0,,,
87,,s being seven more than eighty, eighty-seven,,,,,0,0,,,
88,,s being eight more than eighty, （网络聊天数字用语）Bye Bye.,,,,,0,0,,,
89,,s being nine more than eighty, eighty-nine,,,,,0,0,,,
8s,,,8,,,,,0,0,,,
8th,,,[网络] 八；第八名；第八届,,,,,0,0,,,
8vo,eɪtvəʊ,, 八开,,,,,0,0,,,
9,,n the cardinal number that is the sum of eight and one\ns denoting a quantity consisting of one more than eight and one less than ten, nine,,,,,0,0,,,
9-membered,,,[网络] 9元,,,,,0,0,,,
90,,n the cardinal number that is the product of ten and nine\ns being ten more than eighty, ninety,,,,,0,0,,,
91,,s being one more than ninety, ninety-one,,,,,0,0,,,
92,,s being two more than ninety, ninety-two,,,,,0,0,,,
93,,s being three more than ninety, ninety-three,,,,,0,0,,,
94,,s being four more than ninety, （网络聊天数字用语）就是,,,,,0,0,,,
95,,s being five more than ninety, （网络聊天数字用语）救我。,,,,,0,0,,,
95th,,,[网络] 第95号,,,,,0,0,,,
96,,s being six more than ninety, ninety-six,,,,,0,0,,,
97,,s being seven more than ninety, ninety-seven,,,,,0,0,,,
98,,s being eight more than ninety, ninety-eight,,,,,0,0,,,
99,,s being nine more than ninety, ninety-nine,,,,,0,0,,,
999,,,nine hundred and ninety-nine,,,,,0,0,,,
9th,,,[网络] 第九届；第九任；九日,,,,,0,0,,,
a,ei,n. the 1st letter of the Roman alphabet\nn. the blood group whose red cells carry the A antigen,"第一个字母 A; 一个; 第一的\r\nart. [计] 累加器, 加法器, 地址, 振幅, 模拟, 区域, 面积, 汇编, 组件, 异步",,5,1,zk gk,5,5,,"""""",
a amount of,ə əˈmaunt ɔv,, 大量的,,,,,0,0,,,
A and B agglutinogens,,,[医] A和B凝集原,,,,,0,0,,,
A AND NOT B gate,,,[计] 禁止门,,,,,0,0,,,
A as well as B,,,不仅有(乙)而且有(甲),,,,,0,0,,,
A B. S. pill,,,"[医] ABS丸, 芦荟素颠茄士的宁丸",,,,,0,0,,,
a babe in arms,,,涉世未深的人,,,,,0,0,,,
a baby grand,,,小型平台钢琴,,,,,0,0,,,
a back answer,,,顶嘴,,,,,0,0,,,
a back issue,,,过期期刊,,,,,0,0,,,
a back number,,,"过期的刊物, 过时的人",,,,,0,0,,,
a bad actor,,,"坏蛋, 危险分子",,,,,0,0,,,
a bad egg,,,坏蛋,,,,,0,0,,,
a bad fairy,,,害人的精灵;妖精,,,,,0,0,,,
a bad hat,,,坏蛋,,,,,0,0,,,
a bad job,,,白费力的事,,,,,0,0,,,
a bad life,,,"不道德的生活, 活不到平均寿命的人",,,,,0,0,,,
a bad lot,,,一个坏蛋,,,,,0,0,,,
a bad penny,,,"不受欢迎的人,讨厌的家伙",,,,,0,0,,,
a bad policy,,,"不明智的政策,下策",,,,,0,0,,,
a bad shot,,,"不准的射击, 猜错, 错误, 失策",,,,,0,0,,,
a bad trip,,,"令人烦闷的经历,可怕的经历",,,,,0,0,,,
a bad word,,,猥亵话,,,,,0,0,,,
a bag of bones,,,骨瘦如柴的人,,,,,0,0,,,
a bag of wind,,,夸夸其谈的人,,,,,0,0,,,
a baker's dozen,,,十三,,,,,0,0,,,
a ball bearing,,,滚珠轴承,,,,,0,0,,,
a ball of fortune,,,受命运摆布的人,,,,,0,0,,,
a ball of strings,,,一团细绳子,,,,,0,0,,,
a band of,,,"一群,一伙,一队…",,,,,0,0,,,
a bank of,,,"一堆,一层…",,,,,0,0,,,
a bank president,,,银行行长,,,,,0,0,,,
a bankable actor,,,可以充当,,,,,0,0,,,
a banquet given in honor of,,,为欢迎某人而举行的宴会,,,,,0,0,,,
a bar of,,,"一条,一块…",,,,,0,0,,,
a barber's cat,,,面露饥色的人,,,,,0,0,,,
a bare possibility,,,万一的事情,,,,,0,0,,,
a barrage of,,,"接二连三的,连珠砲似的…",,,,,0,0,,,
a barrel of,,,"一桶,许多,大量",,,,,0,0,,,
a barrel of fun,,,十分有趣,,,,,0,0,,,
a barrel of money,,,一大笔钱,,,,,0,0,,,
a bas,ɑ:'bɑ:,,打倒,,,,,0,0,,,
a base area,,,根据地,,,,,0,0,,,
a basket of currencies,,,[经] 笼统货币,,,,,0,0,,,
a basket ring,,,篮圈,,,,,0,0,,,
a batch of news,,,一组新闻,,,,,0,0,,,
a battalion of,,,一大队,,,,,0,0,,,
a battery,,,[电] A电池组,,,,,0,0,,,
a battery of,,,"一连串的,一系列的…",,,,,0,0,,,
a beam of hope,,,一线希望,,,,,0,0,,,
a beam of light,,,一束光线,,,,,0,0,,,
a beast of a day,,,天气恶劣的日子,,,,,0,0,,,
a beaten path,,,"踏出的路, 常规, 惯例",,,,,0,0,,,
a beaten track,,,"踏出的路, 常规, 惯例",,,,,0,0,,,
a beauty doctor,,,美容师,,,,,0,0,,,
a bed of down,,,安乐窝,,,,,0,0,,,
a bed of flowers,,,安乐窝,,,,,0,0,,,
a bed of honor,,,阵亡者的墓,,,,,0,0,,,
a bed of rose,,,愉快的处境,,,,,0,0,,,
a bed of roses,,,称心如意的境遇,,,,,0,0,,,
a bee in one's bonnet,,,奇怪而固执的想法,,,,,0,0,,,
a beer belly,,,"大腹,大肚子",,,,,0,0,,,
a bench board,,,台示配电板;控制盘,,,,,0,0,,,
a besetting sin,,,易犯的恶习,,,,,0,0,,,
a best man,,,男傧相,,,,,0,0,,,
a bidden guest,,,应邀来客,,,,,0,0,,,
a big audience,,,众多的观众,,,,,0,0,,,
a big bite of,,,一大口…;很大一部分的…,,,,,0,0,,,
a big deal,,,要人,,,,,0,0,,,
a big dog,,,"大人物,要人,头头,保镖",,,,,0,0,,,
a big haul,,,一网捕获的许多鱼;一大笔收获,,,,,0,0,,,
a big letdown,,,大失所望的事,,,,,0,0,,,
a big noise,,,"要人,大人物 , 耸人听闻的声明",,,,,0,0,,,
a big number,,,"要人,大亨",,,,,0,0,,,
a big pot,,,大人物,,,,,0,0,,,
a big share of,,,很大的一部分,,,,,0,0,,,
a big shot,,,"大人物, 大亨",,,,,0,0,,,
a big stick policy,,,大棒政策,,,,,0,0,,,
a big wheel,,,重要人物,,,,,0,0,,,
A bile,,,[医] 总胆管胆汁,,,,,0,0,,,
a bill of health,,,健康证明书,,,,,0,0,,,
a Bill of Oblivion,,,大赦令,,,,,0,0,,,
a bill to bearer,,,不记名票据,,,,,0,0,,,
a bill to order,,,记名票据,,,,,0,0,,,
a bird dog,,,"捕鸟猎犬;挖掘人才者;战斗机,截击机",,,,,0,0,,,
a bird in eclipse,,,交配期之后正在脱毛的鸟,,,,,0,0,,,
a bird in the bush,,,未到手的东西,,,,,0,0,,,
a bird in the hand,,,已到手的东西,,,,,0,0,,,
a bird of ill omen,,,凶鸟,,,,,0,0,,,
a bird of Jove,,,鹰,,,,,0,0,,,
a bird of Juno,,,孔雀,,,,,0,0,,,
a bird of paradise,,,"极乐鸟, 风鸟",,,,,0,0,,,
a bird of passage,,,候鸟,,,,,0,0,,,
a bird of peace,,,鸽,,,,,0,0,,,
a bird of prey,,,"食肉鸟,勐禽",,,,,0,0,,,
a bird of wonder,,,凤凰,,,,,0,0,,,
a bit,,,一点儿；有一点儿,,,1,,0,0,,,
a bit and a sup,,,少量的饮食物,,,,,0,0,,,
a bit at a time,,,"一点一点地, 渐渐地",,,,,0,0,,,
a bit of,,,一点,,,,,0,0,,,
a bit of a,,,有点…的味道,,,,,0,0,,,
a bit of a...,,,一点儿...的味道,,,,,0,0,,,
a bit of jam,,,"意中人,情人",,,,,0,0,,,
a bit of skirt,,,"女人,姑娘,少女",,,,,0,0,,,
a bit of...,,,一点...,,,,,0,0,,,
a bit thick,,,过分,,,,,0,0,,,
a black list,,,黑名单,,,,,0,0,,,
a black sheep,,,"败家子, 败类, 害群之马",,,,,0,0,,,
a blade of,,,一片,,,,,0,0,,,
a blank check,,,空白支票;毫无限制,,,,,0,0,,,
a blank cheque,,,空白支票,,,,,0,0,,,
a blank sheet,,,"一张白纸, 纯洁的心灵",,,,,0,0,,,
a blanket of,,,厚厚的一层…,,,,,0,0,,,
a blanket of smoke,,,烟幕,,,,,0,0,,,
a blast of wind,,,一阵风,,,,,0,0,,,
a blast on the horn,,,一声号角,,,,,0,0,,,
a blessing in disguise,,,因祸得福;塞翁失马,,,,,0,0,,,
a blind alley,,,死胡同,,,,,0,0,,,
a blind lead,,,"死胡同,绝路",,,,,0,0,,,
a blind letter,,,死信,,,,,0,0,,,
a blood bank,,,血库,,,,,0,0,,,
a blot on one's escutcheon,,,名誉上的污点,,,,,0,0,,,
a blotting pad,,,吸墨器,,,,,0,0,,,
a blue dahlia,,,不可能有的东西,,,,,0,0,,,
a blue joke,,,"粗俗下流的笑话,猥亵的笑话",,,,,0,0,,,
a blue moon,,,不可能的事,,,,,0,0,,,
a blue movie,,,色情电影,,,,,0,0,,,
a body blow,,,"沉重的打击,惨败",,,,,0,0,,,
a body of police,,,一群警察,,,,,0,0,,,
a body of...,,,大量的...,,,,,0,0,,,
a boiled shirt,,,浆过的衬衫,,,,,0,0,,,
a bolt from the blue,,,"晴天霹雳, 意外事件",,,,,0,0,,,
a bone of contention,,,争论的原因,,,,,0,0,,,
a bonny bird,,,"快乐鸟,乐天派,寻欢作乐者",,,,,0,0,,,
a book dedication,,,书籍的题辞,,,,,0,0,,,
a book fair,,,"书市,图书博览会",,,,,0,0,,,
a book of matches,,,"一包火柴,一打火柴",,,,,0,0,,,
a book of prayers,,,"祈祷书,经书",,,,,0,0,,,
a book stand,,,书摊,,,,,0,0,,,
a bottle of pop,,,一瓶汽水,,,,,0,0,,,
a bouquet of,,,一束,,,,,0,0,,,
a bout of illness,,,一场病,,,,,0,0,,,
a bout of work,,,一阵子工作,,,,,0,0,,,
a bout with the enemy,,,与敌人交锋,,,,,0,0,,,
a bowing acquaintance,,,点头之交;泛泛之交,,,,,0,0,,,
a box and needle,,,罗盘,,,,,0,0,,,
a box of matches,,,一盒火柴,,,,,0,0,,,
a boy in buttons,,,侍役,,,,,0,0,,,
a boy of remarkable aptitude,,,神童,,,,,0,0,,,
a boycott of classes,,,罢课,,,,,0,0,,,
a branch of instruction in school,,,一门课程,,,,,0,0,,,
a branch of knowledge,,,一门知识,,,,,0,0,,,
a brand from the burning,,,大难得救的人,,,,,0,0,,,
a breach of close,,,非法侵入私地,,,,,0,0,,,
a breach of discipline,,,违反纪律,,,,,0,0,,,
a breach of faith,,,"失信,背约,背弃行为",,,,,0,0,,,
a breach of public security,,,扰乱治安,,,,,0,0,,,
a break camp,,,折叠帐篷,,,,,0,0,,,
a breath of life,,,必不可少的东西,,,,,0,0,,,
a breed of cat,,,"一种,一类",,,,,0,0,,,
a brick layer,,,"砌砖人,瓦工",,,,,0,0,,,
a bridge of gold,,,退路,,,,,0,0,,,
a bridle path,,,通马不通车的路,,,,,0,0,,,
a bridle trail,,,由马踏成的路,,,,,0,0,,,
a bright spark,,,"生气勃勃的人,精力充沛者,精明人,出类拔萃者",,,,,0,0,,,
a broad hint,,,明显的暗示,,,,,0,0,,,
a broad joke,,,粗俗的笑话,,,,,0,0,,,
a broad place in the road,,,小都市,,,,,0,0,,,
a broken man,,,"潦倒者,心碎的人",,,,,0,0,,,
a broken reed,,,不可靠的人,,,,,0,0,,,
a brood of chickens,,,一窝小鸡,,,,,0,0,,,
a bud of promise,,,初次展露头角的少女,,,,,0,0,,,
a bull in a china shop,,,"公牛闯入瓷器店,鲁莽的",,,,,0,0,,,
a bull session,,,"漫谈,聊天,吹牛",,,,,0,0,,,
a bum steer,,,错误的指点,,,,,0,0,,,
a bunch of,,,"一束,一串,一群",,,,,0,0,,,
a bunch of fives,,,"拳头, 手",,,,,0,0,,,
a bundle of nerves,,,神经极紧张的人,,,,,0,0,,,
a bundle of...,,,一捆/包...,,,,,0,0,,,
a burning shame,,,奇耻大辱,,,,,0,0,,,
a burst of laughter,,,一阵大笑声,,,,,0,0,,,
a bush nursery,,,临时苗圃,,,,,0,0,,,
a business doctor,,,企业顾问,,,,,0,0,,,
a business zone,,,商业区,,,,,0,0,,,
a busy signal,,,"佔线信号,忙音",,,,,0,0,,,
a cake of,,,一块…,,,,,0,0,,,
a cake of soap,,,一块肥皂,,,,,0,0,,,
a calendar year,,,"年, 历年",,,,,0,0,,,
a call loan,,,活期贷款,,,,,0,0,,,
a call of nature,,,要大小便的感觉,,,,,0,0,,,
a call to arms,,,战斗的号令,,,,,0,0,,,
a can of worms,,,复杂的问题;极度紧张不安的人,,,,,0,0,,,
a capacity house,,,客满的剧场,,,,,0,0,,,
a capella,,, 美中不足（歌曲名）,,,,,0,0,,,
a capella singing,,,[网络] 歌手唱歌,,,,,0,0,,,
a capital ship,,,主力舰,,,,,0,0,,,
a cappella,ˌæ kəˈpelə,, （音乐术语）无伴奏合唱,,,,,0,0,,,
a cappella singing,,,[网络] 无乐器伴奏的歌唱；清歌；阿卡贝拉无伴奏演唱,,,,,0,0,,,
a captive balloon,,,系留气球,,,,,0,0,,,
a captive shop,,,"内部商店,职工商店",,,,,0,0,,,
a car doctor,,,汽车修理工,,,,,0,0,,,
a car washer,,,洗车者,,,,,0,0,,,
a carbon copy,,,抄本;极相像的人,,,,,0,0,,,
a carrier pigeon,,,信鸽,,,,,0,0,,,
a case in point,,,恰当的例子,,,,,0,0,,,
a case of crabs,,,失败,,,,,0,0,,,
a case of murder,,,一桩谋杀人案,,,,,0,0,,,
a castle in the air,,,空中楼阁,,,,,0,0,,,
a casualty list,,,伤亡名单,,,,,0,0,,,
a cat fancy,,,喜欢养猫的人,,,,,0,0,,,
A cat has nine lives,,,猫有九命,,,,,0,0,,,
a cat in the meal,,,"鬼把戏,伎俩,见不得人的勾当",,,,,0,0,,,
a cat in the pan,,,叛徒,,,,,0,0,,,
a cat nap,,,"打盹,打瞌睡",,,,,0,0,,,
a catch question,,,"奇怪的问题,怪题",,,,,0,0,,,
a cattle yard,,,"放置牲畜的仓前空场, 车站旁的牲畜栏",,,,,0,0,,,
A cell,,,"[医] A细胞, α细胞",,,,,0,0,,,
a change for the better,,,好转,,,,,0,0,,,
a change of heart,,,"改变主意, 变心, 弃邪归正",,,,,0,0,,,
a change of scene,,,改换环境,,,,,0,0,,,
a change purse,,,装零钱的钱包,,,,,0,0,,,
a chapter of accidents,,,接踵而来的灾祸,,,,,0,0,,,
a chest of drawers,,,五屉橱,,,,,0,0,,,
a cheval,a ʃә'val,,"在马上, 跨",,,,,0,0,,,
a child of fortune,,,幸运儿,,,,,0,0,,,
a child of nature,,,天真的人,,,,,0,0,,,
a child of sb.'s loins,,,某人生的孩子,,,,,0,0,,,
a child of the soil,,,"农民的孩子,农民,本地出生的男子",,,,,0,0,,,
a chime of bells,,,一组编钟,,,,,0,0,,,
a chip in porridge,,,无关紧要之物,,,,,0,0,,,
a chip of the old block,,,举止酷似父亲的孩子,,,,,0,0,,,
a chip off the old block,ə tʃip ɔf ðə əuld blɔk,, 相貌[脾气]和父母一样的孩子（多指男孩）,,,,,0,0,,,
a choice of,,,各种各样可供选择的…,,,,,0,0,,,
a chose in possession,,,占有物,,,,,0,0,,,
a circular letter,,,通知,,,,,0,0,,,
a city in blackout disguise,,,实行灯火管制的城市,,,,,0,0,,,
a civil year,,,民用年,,,,,0,0,,,
a class,,,[经] 头等,,,,,0,0,,,
a classic allusion,,,典故,,,,,0,0,,,
a clay doll,,,泥娃娃,,,,,0,0,,,
a clean bill of health,,,健康证明书,,,,,0,0,,,
a clean sheet,,,清白的历史,,,,,0,0,,,
a clean sweep of,,,彻底扫除,,,,,0,0,,,
a clear anchorage,,,安全锚地,,,,,0,0,,,
a clergyman's sore throat,,,慢性喉炎,,,,,0,0,,,
a clinging vine,,,惯于依赖男人的女人,,,,,0,0,,,
a close battle,,,肉搏,,,,,0,0,,,
a close call,,,侥幸的脱险,,,,,0,0,,,
a close file,,,"吝啬鬼,小气鬼",,,,,0,0,,,
a close game,,,"比分接近的比赛, 难分胜负的比赛",,,,,0,0,,,
a close shave,,,"剃光头发, 侥幸的脱险",,,,,0,0,,,
a close thing,,,侥幸的脱险,,,,,0,0,,,
a closed book,,,"看不懂的书,天书,专业书",,,,,0,0,,,
a closing quotation,,,"收市行情,收盘",,,,,0,0,,,
a cloth of exquisite fabric,,,织工精美的布料,,,,,0,0,,,
a cluster of,,,"一簇,一丛,一群",,,,,0,0,,,
a coat of,,,一层,,,,,0,0,,,
a coat of arms,,,盾形纹章,,,,,0,0,,,
a cock of the loft,,,在小地方称王的人,,,,,0,0,,,
a cock of the walk,,,称王称霸的人,,,,,0,0,,,
a coffee mill,,,咖啡研磨机,,,,,0,0,,,
a cold cook,,,做殡仪馆生意的人,,,,,0,0,,,
a cold snap,,,"寒冷天气,寒潮",,,,,0,0,,,
a cold span,,,寒潮,,,,,0,0,,,
a cold spell,,,"寒冷气候,寒潮",,,,,0,0,,,
a collection of,,,"一批,一组",,,,,0,0,,,
a collection of china,,,一套瓷器,,,,,0,0,,,
a colony of,,,一群,,,,,0,0,,,
a coming man,,,"后来者,后起之秀,前途无量者",,,,,0,0,,,
a command post,,,指挥所,,,,,0,0,,,
a common scold,,,泼妇,,,,,0,0,,,
a common soldier,,,"列兵, 二等兵",,,,,0,0,,,
a common year,,,平年,,,,,0,0,,,
a communication net,,,"电信网,通讯网络",,,,,0,0,,,
a compelling figure,,,引人注目的人物,,,,,0,0,,,
a complimentary ticket,,,赠券,,,,,0,0,,,
a conceited pup,,,傲慢的小青年,,,,,0,0,,,
a conglomerate of,,,"一团,一群,一伙",,,,,0,0,,,
a considerable amount of,,,"相当多的,相当大量的…",,,,,0,0,,,
a conspiracy of silence,,,保持缄默的密约,,,,,0,0,,,
a convenient memory,,,只记住对自己有利的事,,,,,0,0,,,
a cooked goose,,,不可救药的人或物,,,,,0,0,,,
a cool hundred,,,百镑巨款,,,,,0,0,,,
a coon's age,,,极长的一段时间,,,,,0,0,,,
a copper captain,,,冒充有地位的人,,,,,0,0,,,
a copy desk,,,编辑部,,,,,0,0,,,
a corporate body,,,法人团体,,,,,0,0,,,
a cotton zone,,,产棉区,,,,,0,0,,,
a counsel of perfection,,,"要别人十全十美的要求, 达不到的理想",,,,,0,0,,,
a country mile,,,"很长的距离,极遥远",,,,,0,0,,,
a couple,,,一对夫妇；夫妻俩,,,1,,0,0,,,
a couple of,,,"一对..., 三两个...",,,,,0,0,,,
a couple of days,,,一两天,,,,,0,0,,,
a course of exchange,,,兑换率,,,,,0,0,,,
a covenant of salt,,,不可背弃的盟约,,,,,0,0,,,
a cow in calf,,,怀孕的母牛,,,,,0,0,,,
a crapella,,"Singing out loud while listening to music with your headphones on.  Whereas the singer gets the benefit of the music, those unfortunate to be standing nearby are subjected to an unaccompanied (and invariably crappy) rendition of the song.\n> ""I wish that guy would turn his iPod off - his a crapella version of Bohemian Rhapsody is killing me""\n",,,,,,0,0,,,
a crop of,,,"一批,一群,一大堆",,,,,0,0,,,
a cross beam,,,大梁,,,,,0,0,,,
a crowd of,,,一群,,,,,0,0,,,
a crowning victory,,,最大的胜利,,,,,0,0,,,
a crying shame,,,莫大的耻辱,,,,,0,0,,,
a cubic yard,,,一立方码,,,,,0,0,,,
a cuckoo in the nest,,,破坏他人家庭幸福的人,,,,,0,0,,,
a cup and saucer,,,一只带託盘的茶杯,,,,,0,0,,,
a cup of,,,一杯…,,,,,0,0,,,
a cup of cold water,,,施舍的象征,,,,,0,0,,,
a current account,,,往来帐,,,,,0,0,,,
a curtain lecture,,,妻子私下对丈夫的训斥,,,,,0,0,,,
a cut above,,,"高于...一等, 胜于",,,,,0,0,,,
a cut below,,,"低于...一等, 次于",,,,,0,0,,,
a cutie pie,,,"可爱的姑娘,情人",,,,,0,0,,,
a dab of,,,"一点,些许,少量",,,,,0,0,,,
a daily newspaper,,,日报,,,,,0,0,,,
a dandy of a boy,,,"漂亮的男孩,翩翩少年",,,,,0,0,,,
a danger zone,,,危险地带,,,,,0,0,,,
a dark horse,,,"黑马, 实力难测的竞争者",,,,,0,0,,,
a daughter of Momus,,,滑稽的人,,,,,0,0,,,
a day before the fair,,,"太早,过早",,,,,0,0,,,
a day off,,,休息日,,,,,0,0,,,
a dead calm,,,死一般的寂静,,,,,0,0,,,
a dead dog,,,废物,,,,,0,0,,,
a dead duck,,,(注定要)完蛋的人,,,,,0,0,,,
a dead frost,,,彻底的失败,,,,,0,0,,,
a dead heat,,,"不分胜负的赛跑,平局,旗鼓相当",,,,,0,0,,,
a dead language,,,死语言,,,,,0,0,,,
a dead lift,,,"人工硬搬, 需要全力以赴的事",,,,,0,0,,,
a dead loss,,,"净亏损,纯亏损;彻底的失败;无名之辈,不中用的人",,,,,0,0,,,
a dead marine,,,空酒瓶,,,,,0,0,,,
a dead pan,,,"毫无表情的人,毫无表情的面孔",,,,,0,0,,,
a dead past,,,已被人们遗忘的往事,,,,,0,0,,,
a dead pigeon,,,束手无策者;瓮中之鳖,,,,,0,0,,,
a dead rabbit,,,"死兔子,不值钱的东西,要不得的东西;暴徒,亡命之徒",,,,,0,0,,,
a dead season,,,淡季,,,,,0,0,,,
a dead secret,,,还未泄露的秘密,,,,,0,0,,,
a dead set,,,敌对态度,,,,,0,0,,,
a dead shot,,,神枪手,,,,,0,0,,,
a dead stop,,,"突然停止,戛然停住",,,,,0,0,,,
a deadly affront,,,莫大的侮辱,,,,,0,0,,,
a deaf nut,,,"无仁的坚果;注定要失败的计划,空想,无用物",,,,,0,0,,,
a death march,,,向着死亡的进军,,,,,0,0,,,
a debt of honour,,,赌债,,,,,0,0,,,
a decade of,,,"十个,十条,十件…",,,,,0,0,,,
a decisive battle,,,决战,,,,,0,0,,,
a declaration of goods bought abroad,,,进口物品报关单,,,,,0,0,,,
a deed of arms,,,"军功,战功",,,,,0,0,,,
a deed of covenant,,,"契据,契约书",,,,,0,0,,,
a deed to the house,,,房契,,,,,0,0,,,
a deep file,,,"骗子,老奸巨滑的人",,,,,0,0,,,
a default in the payment of a loan,,,拖延偿还贷款,,,,,0,0,,,
a demilitarized zone,,,非军事区,,,,,0,0,,,
a demon for work,,,"拼命工作的人,工作狂",,,,,0,0,,,
a desk advisor,,,案头的参考书,,,,,0,0,,,
a dessein,,,[法] 故意,,,,,0,0,,,
a detention jail,,,拘留所,,,,,0,0,,,
a devil of,,,"极端的,可观的,大量的…",,,,,0,0,,,
a devil of a...,,,"讨厌的..., 异常的..., 有趣的...",,,,,0,0,,,
a devil's darning needle,,,蜻蜓,,,,,0,0,,,
a dial telephone,,,"自动电话,程控电话",,,,,0,0,,,
a diamond in the rough,,,"外表粗鲁而实际精明的人,不拘小节者,嘴恶心善者,粗中有细的人",,,,,0,0,,,
a die plate,,,模板,,,,,0,0,,,
A differ from B in...,,,(甲)与(乙)在...方面不同,,,,,0,0,,,
a different kettle of fish,,,"两码事,另一回事",,,,,0,0,,,
a digest of information,,,资料汇编,,,,,0,0,,,
a dime a dozen,,,"多得很,不值钱",,,,,0,0,,,
a dime magazine,,,廉价杂志,,,,,0,0,,,
a dingdong fight,,,"旗鼓相当的战斗,势均力敌的比赛",,,,,0,0,,,
a dirty night,,,雨夜,,,,,0,0,,,
a disciple of Momus,,,爱嘲弄的人,,,,,0,0,,,
a dish of gossip,,,闲谈,,,,,0,0,,,
A disk,,,"[医] A盘, Q盘",,,,,0,0,,,
a disorder of digestive organs,,,消化器官的紊乱,,,,,0,0,,,
a dispatch carrier,,,快件递送员,,,,,0,0,,,
a dispatch rider,,,摩託通讯员,,,,,0,0,,,
a distinction without a difference,,,人为的区别,,,,,0,0,,,
a distinction without difference,,,"名义上的区别,实际上不存在的区别,人为制造的区别",,,,,0,0,,,
a distress sale,,,扣押物的拍卖,,,,,0,0,,,
a divorce mill,,,离婚裁决法庭,,,,,0,0,,,
a dockyard,,,"造船厂, 造般所",,,,,0,0,,,
a dog fight,,,狗打架,,,,,0,0,,,
a dog in the manger,,,占着茅坑不拉屎的人,,,,,0,0,,,
a dog's age,,,好久,,,,,0,0,,,
a dolly bird,,,漂亮的姑娘;时髦的小妞,,,,,0,0,,,
a door plate,,,门牌,,,,,0,0,,,
a dose of,,,"一剂,一服",,,,,0,0,,,
a dose of flattery,,,一番吹捧,,,,,0,0,,,
a downy bird,,,"机灵鬼,精明人",,,,,0,0,,,
a drag race,,,"汽车拉力赛,短程加速赛",,,,,0,0,,,
a drawn battle,,,不分胜负的战斗,,,,,0,0,,,
a drop in the bucket,,,沧海一粟,,,,,0,0,,,
a drop in the ocean,,,"沧海一粟,九牛一毛,微不足道",,,,,0,0,,,
a drop of,,,一滴…,,,,,0,0,,,
a drop quiz,,,突击测验,,,,,0,0,,,
a drove of deer,,,一群鹿,,,,,0,0,,,
a drug on the market,,,滞销商品,,,,,0,0,,,
a drumming in the ears,,,耳鸣,,,,,0,0,,,
a drunken sailor,,,酒醉的士兵,,,,,0,0,,,
a dry eye,,,不哭的人,,,,,0,0,,,
a due,,,[网络] 两人；阿弗雷多与薇奥蕾塔,,,,,0,0,,,
a Dutch auction,,,喊价渐低的拍卖,,,,,0,0,,,
a Dutch feast,,,主人先醉的酒宴,,,,,0,0,,,
a duty call,,,礼节上的访问,,,,,0,0,,,
a face as long as a fiddle,,,阴郁的脸色,,,,,0,0,,,
a fair field,,,"公平的比赛,公平竞争;公平的机会",,,,,0,0,,,
a fair field and no favor,,,平等的比赛条件,,,,,0,0,,,
a fair shake,,,公平交易,,,,,0,0,,,
a fair treat,,,"引人注目的人或事,令人满意的人或物;款待,公正对待",,,,,0,0,,,
a false step,,,"失足,失策,失算,错误一步",,,,,0,0,,,
a family skeleton,,,家丑,,,,,0,0,,,
a famous brand,,,"名牌,名牌商标",,,,,0,0,,,
a famous performance,,,"精彩的表演,出色的表演",,,,,0,0,,,
a fancy cake,,,花色蛋糕,,,,,0,0,,,
a fancy dress ball,,,化妆舞会,,,,,0,0,,,
a fancy fair,,,小商品交易会,,,,,0,0,,,
a far cry,,,"遥远的距离, 大不相同的东西",,,,,0,0,,,
a far cry from,,,离…很远的路程;与…大不相同,,,,,0,0,,,
a far fetch,,,一段远距离,,,,,0,0,,,
a fast liver,,,生活放荡不羁者,,,,,0,0,,,
a fat cat,,,"有钱有势者,大亨,大款",,,,,0,0,,,
a fat chance,,,微小的机会,,,,,0,0,,,
a fat lot,,,很少,,,,,0,0,,,
a fat lot of,,,"不, 毫不",,,,,0,0,,,
a fatal blow,,,致命的打击,,,,,0,0,,,
a fatal disease,,,不治之症,,,,,0,0,,,
a fault on the right side,,,"塞翁失马,因祸得福",,,,,0,0,,,
a favorable reception,,,"好评,欢迎",,,,,0,0,,,
a favourite son,,,宠儿,,,,,0,0,,,
a feast for the gods,,,极精美的食物,,,,,0,0,,,
a feast of reason,,,"妙趣横生的谈话,谈吐风雅",,,,,0,0,,,
a feast of reason and a flow of soul,,,有益的谈话,,,,,0,0,,,
a feather in one's cap,,,"可夸耀的事, 卓越的成就",,,,,0,0,,,
a feeding storm,,,越来越厉害的暴风雨,,,,,0,0,,,
a fellow national,,,同胞,,,,,0,0,,,
a female domestic,,,女佣人,,,,,0,0,,,
a fencing ken,,,窝藏赃物的场所,,,,,0,0,,,
a few,,,"几个, 少数, 一些",,,1,,0,0,,,
a few of,,,"少数, 几个,一些",,,,,0,0,,,
a few sticks of furniture,,,几件简陋的家具,,,,,0,0,,,
A fibers,,,[医] A类纤维(神经),,,,,0,0,,,
a field army,,,野战军,,,,,0,0,,,
a field of honour,,,"决斗场, 战场",,,,,0,0,,,
a fierce battle,,,激战,,,,,0,0,,,
A fig for this,,,这算什么?这算不了什么!,,,,,0,0,,,
a fill of tobacco,,,"一袋烟,一烟斗的烟丝",,,,,0,0,,,
a financial man,,,"财政家,金融家",,,,,0,0,,,
a financial member,,,普通会员,,,,,0,0,,,
a fine day for young ducks,,,雨天,,,,,0,0,,,
a finger on the wall,,,灾难的预兆,,,,,0,0,,,
a finish fight,,,"决斗,背水一战",,,,,0,0,,,
a finishing stroke,,,"最后致命的一击, 最后的一笔",,,,,0,0,,,
a fire suppressant,,,灭火剂,,,,,0,0,,,
a fit of rage,,,"一阵怒火,一阵发作",,,,,0,0,,,
a fit of remorse,,,一阵后悔,,,,,0,0,,,
a fit of temper,,,一阵脾气,,,,,0,0,,,
a flash in the pan,,,昙花一现,,,,,0,0,,,
a flash of hope,,,"一线希望,一闪而过的希望",,,,,0,0,,,
a flash of wit,,,灵机一动,,,,,0,0,,,
a flat tire,,,爆气的车胎,,,,,0,0,,,
a flea in one's ear,,,"讥讽, 尖刻的话",,,,,0,0,,,
a fleeting show,,,瞬间即逝的景象,,,,,0,0,,,
a flicker of hope,,,"一线希望,一闪而过的希望,飘忽不定的希望",,,,,0,0,,,
a flight of stairs,,,一段楼梯,,,,,0,0,,,
a flock of,,,一群,,,,,0,0,,,
a flood of,,,"一大片,一大批",,,,,0,0,,,
a flood of people,,,"人山人海,潮水般的人群",,,,,0,0,,,
a flood of words,,,滔滔不绝的言辞,,,,,0,0,,,
a floor under wages,,,最低工资标准,,,,,0,0,,,
a flourish of trumpets,,,大肆宣扬,,,,,0,0,,,
a fly in amber,,,保存得好的珍贵遗物,,,,,0,0,,,
a fly in the ointment,,,美中不足之处,,,,,0,0,,,
a fly on the wheel,,,自高自大的人,,,,,0,0,,,
a flying visit,,,"匆忙的访问, 短时间参观",,,,,0,0,,,
a fond,ɑ:'fɒŋ,,"彻底地, 安全地",,,,,0,0,,,
a fool's errand,,,徒劳的任务,,,,,0,0,,,
a fool's paradise,,,黄粱美梦,,,,,0,0,,,
a football pro,,,n. 一个职业足球运动员,,,,,0,0,,,
a forecast zone,,,(气象)预报地带,,,,,0,0,,,
a foregone conclusion,,,预料中必然的结局,,,,,0,0,,,
a forest of masts,,,桅桿林立,,,,,0,0,,,
a forlorn hope,,,"极微的希望, 孤注一掷的举动, 敢死队",,,,,0,0,,,
a form of address,,,称呼,,,,,0,0,,,
a format,,,[电] A格式,,,,,0,0,,,
a fortiori,ei fɔ:ti'ɔ:rai, With stronger reason.,更加,,,,,0,0,,,
a foul berth,,,恶劣的停泊地,,,,,0,0,,,
a fraction of,,,一小部分的,,,,,0,0,,,
a free fight,,,混战,,,,,0,0,,,
a free hand,,,放手处理的权利,,,,,0,0,,,
a free list,,,"免税商品表,免费入场观众名单",,,,,0,0,,,
a free wind,,,顺风,,,,,0,0,,,
a French window,,,"落地式门窗,落地式长窗",,,,,0,0,,,
a friend in court,,,有势力的朋友,,,,,0,0,,,
A friend in need is a friend in deed,,,"患难中的朋友才是真正的朋友;患难识知己,雪中送炭真君子",,,,,0,0,,,
a friend of yours,,,你的一位朋友,,,,,0,0,,,
a frog in the throat,,,轻度喉哑,,,,,0,0,,,
a front yard,,,前院,,,,,0,0,,,
a fruit of sb.'s loins,,,某人的孩子,,,,,0,0,,,
a fruit pie,,,水果馅饼,,,,,0,0,,,
a full general,,,四星上将,,,,,0,0,,,
a full team,,,"有特别才能的人,身怀绝技者",,,,,0,0,,,
a fund of,,,"丰富的,大量的,富于…",,,,,0,0,,,
a future life,,,来生,,,,,0,0,,,
a galaxy of,,,一群,,,,,0,0,,,
a gallery hit,,,卖弄技巧的表演,,,,,0,0,,,
a gallery shot,,,卖弄技巧的表演,,,,,0,0,,,
a gallery stroke,,,卖弄技巧的表演,,,,,0,0,,,
a gambling hell,,,赌窟,,,,,0,0,,,
a game not worth the candle,,,不值得做的事,,,,,0,0,,,
a game of,,,"一场,一盘,一局",,,,,0,0,,,
a game of chance,,,靠碰运气取胜的游戏,,,,,0,0,,,
a game of skill,,,靠技能的游戏,,,,,0,0,,,
a game preserve,,,猎物保护区,,,,,0,0,,,
a gang of,,,"一伙,一帮,一群",,,,,0,0,,,
a gaol bird,,,"囚犯,惯犯,恶棍,无赖",,,,,0,0,,,
a gas leak,,,煤气洩漏,,,,,0,0,,,
a gay bird,,,"快乐鸟,乐天派,寻欢作乐者",,,,,0,0,,,
a general election,,,普选,,,,,0,0,,,
a general outline,,,大纲,,,,,0,0,,,
a general reader,,,一般读者,,,,,0,0,,,
a general strike,,,总罢工,,,,,0,0,,,
a general thing,,,惯例,,,,,0,0,,,
a general war,,,全面战争,,,,,0,0,,,
a general's battle,,,战略战术的较量,,,,,0,0,,,
a gentleman at large,,,"有闲阶级的人, 无职业者",,,,,0,0,,,
a gentleman of fortune,,,冒险家,,,,,0,0,,,
a gentleman of the pad,,,"拦路行劫者,响马大盗",,,,,0,0,,,
a gentleman of the press,,,新闻记者,,,,,0,0,,,
a gentleman's agreement,,,君子协定,,,,,0,0,,,
a gentleman's gentleman,,,男仆,,,,,0,0,,,
a ghostly director,,,听忏悔的神父,,,,,0,0,,,
a ghostly father,,,听忏悔的神父,,,,,0,0,,,
a gift of nature,,,天赋,,,,,0,0,,,
a girl of the street,,,"街头女郎,妓女,娼妓",,,,,0,0,,,
a gleam of...,,,"一线..., 一丝...",,,,,0,0,,,
a glorious yet difficult task,,,一项光荣而艰巨的任务,,,,,0,0,,,
a go-go,,,"a. 摇摆舞的, 无节制的, 乱窜的, 活跃的, 最时髦的",,,,,0,0,,,
a gogo,,, 大量的,,,,,0,0,,,
a golden apple,,,"金苹果;西红柿,番茄",,,,,0,0,,,
a gone case,,,不可救药的人,,,,,0,0,,,
a gone coon,,,没有希望的人,,,,,0,0,,,
a gone feeling,,,飘飘然发晕的感觉,,,,,0,0,,,
a good,,,"相当,足足",,,,,0,0,,,
A good anvil fears no hammer,,,"好砧不怕鎚,真金不怕火",,,,,0,0,,,
A good appetite is a good sauce,,,饥不择食,,,,,0,0,,,
a good bargain,,,便宜货;合算的买卖,,,,,0,0,,,
a good berth,,,"良好的停泊地;好差事,好工作",,,,,0,0,,,
a good deal,ə ɡud di:l,, 许多,,,,,0,0,,,
a good deal of,,,很多的,,,,,0,0,,,
a good egg,,,好人,,,,,0,0,,,
a good few,,,相当多,,,,,0,0,,,
a good job,,,幸运事,,,,,0,0,,,
a good keeper,,,耐藏的物品,,,,,0,0,,,
a good lawyer,,,懂法的人,,,,,0,0,,,
a good layer,,,生蛋多的鸡,,,,,0,0,,,
a good life,,,"道德的生活, 活得到平均寿命的人, 好的生活",,,,,0,0,,,
a good lot,,,"大量, 很, 非常",,,,,0,0,,,
a good manager,,,"会当家的人,操持有方者",,,,,0,0,,,
a good many,,,很多,,,,,0,0,,,
a good onion,,,"讨人喜欢的人,好小子",,,,,0,0,,,
a good patch,,,"走运的时期,成功的时期",,,,,0,0,,,
a good pitch,,,"好球,投得好!",,,,,0,0,,,
a good shot,,,神枪手;猜得准,,,,,0,0,,,
a good sort,,,好人,,,,,0,0,,,
a good sort of body,,,好人,,,,,0,0,,,
a good supply of,,,供应充足的…,,,,,0,0,,,
a good time,,,一段美好时光,,,,,0,0,,,
a good turn,,,有利的举动,,,,,0,0,,,
a good while,,,"好些时候,很长时间",,,,,0,0,,,
a goodwill visit,,,友好访问,,,,,0,0,,,
a Gordian knot,,,"棘手的问题, 难解的结, 关键",,,,,0,0,,,
a grade,,,[经] 甲级,,,,,0,0,,,
a grain of,,,"一粒…,一颗…",,,,,0,0,,,
a grain of mustard seed,,,有极大发展前途的小东西,,,,,0,0,,,
a grain of salt,,,"一颗盐,一粒盐;打折扣,不全信",,,,,0,0,,,
a grand,,,[经] 一千美元,,,,,0,0,,,
a grand total,,,"总计,累计",,,,,0,0,,,
a grant in aid,,,"补助金,助学金",,,,,0,0,,,
a grease monkey,,,"汽车修理工,机械师",,,,,0,0,,,
a greasy grind,,,埋头苦读的学生,,,,,0,0,,,
a great deal,,,大量,,,,,0,0,,,
a great deal of,,,很多的,,,,,0,0,,,
a great diversity of...,,,多种多样的...,,,,,0,0,,,
a great gulf fixed,,,鸿沟,,,,,0,0,,,
a great lot,,,大量,,,,,0,0,,,
a great many,,,许许多多,,,,,0,0,,,
a great number of,,,许多,,,,,0,0,,,
a great quantity,,,大量,,,,,0,0,,,
a great swell,,,"大人物,头面人物",,,,,0,0,,,
a great volume of,,,大量的…,,,,,0,0,,,
a great volume of sound,,,一阵风,,,,,0,0,,,
a Greek gift,,,图谋害人的礼物,,,,,0,0,,,
a green grave,,,新坟,,,,,0,0,,,
a grey mare,,,胜过丈夫的妻子,,,,,0,0,,,
a gross medley of...,,,...的大杂烩,,,,,0,0,,,
a group army,,,集团军,,,,,0,0,,,
a group of,,,"一组,一队,一群,一伙,一批…",,,,,0,0,,,
a guerrilla area,,,游击区,,,,,0,0,,,
a guerrilla zone,,,游击区,,,,,0,0,,,
a hack of a lot of,,,好多好多…,,,,,0,0,,,
a hail of blows,,,"一阵打击,雨点般的拳头",,,,,0,0,,,
a hair to make a tether of,,,"小题大作,大惊小怪,兴风作浪",,,,,0,0,,,
a hand of banana,,,一串香蕉,,,,,0,0,,,
a hand of bananas,,,一串香蕉,,,,,0,0,,,
a handful of,,,"一小撮,少数",,,,,0,0,,,
a handsome sum of money,,,可观的一大笔款子,,,,,0,0,,,
a hanging matter,,,要处绞刑的案件,,,,,0,0,,,
a harbour of refuge,,,避风港,,,,,0,0,,,
a hard case,,,"不可救药的人, 难对付的人",,,,,0,0,,,
a hard dose to swallow,,,"一帖难咽的苦药,难以接受的事实",,,,,0,0,,,
a hard hit,,,"沉重的打击,破产;热恋,坠入情网",,,,,0,0,,,
a hard nut to crack,,,棘手的问题,,,,,0,0,,,
a hard row to hoe,,,乏味的工作,,,,,0,0,,,
a hatchet man,,,"雇用的刺客,打手,爪牙,走狗",,,,,0,0,,,
a haze of doubt,,,一块疑团,,,,,0,0,,,
a head,ei hed,, 一捆；一束；一头；一棵,,,,,0,0,,,
a head of cattle,,,一头牛,,,,,0,0,,,
a health resort,,,疗养胜地,,,,,0,0,,,
a healthful diet,,,营养餐,,,,,0,0,,,
a heap of,,,"一大堆,许多…",,,,,0,0,,,
a hearing aid,,,助听器,,,,,0,0,,,
a heart attack,,,心脏病发作,,,,,0,0,,,
a heart of gold,,,道德高尚的人,,,,,0,0,,,
a heart of granite,,,铁石心肠,,,,,0,0,,,
a heart of oak,,,果断的人,,,,,0,0,,,
a heart of steel,,,"铁石心肠,冷酷的心",,,,,0,0,,,
a hearty meal,,,丰盛的一餐,,,,,0,0,,,
a heat of steel,,,一炉钢,,,,,0,0,,,
a heavy course load,,,繁重的课程负担,,,,,0,0,,,
a heavy date,,,重要的约会,,,,,0,0,,,
a heavy purse,,,富裕,,,,,0,0,,,
a heavy swell,,,"穿着入时的人,穿着时髦的人",,,,,0,0,,,
a hell of,,,"极度的,糟透了的,好极了的…",,,,,0,0,,,
a hell of a mess,,,一塌糊涂,,,,,0,0,,,
a hell of a...,,,"极度的, 难以容忍的, 糟糕的, 极好的",,,,,0,0,,,
a hemisphere of special knowledge,,,专业知识的范围,,,,,0,0,,,
a hen on,,,图谋,,,,,0,0,,,
a herd of,,,一群,,,,,0,0,,,
a herd of cattle,,,一群牛,,,,,0,0,,,
a high pitch of excitement,,,极度的兴奋,,,,,0,0,,,
a highbred magazine,,,"高级趣味杂志, 上流社会看的杂志",,,,,0,0,,,
a hill of beans,,,"少量, 小事",,,,,0,0,,,
a hint of,,,"一点…,一丝…",,,,,0,0,,,
a hit at sb,,,对某人的讽刺,,,,,0,0,,,
a hive of activity,,,一片繁忙,,,,,0,0,,,
a hog in armour,,,举止笨拙的人,,,,,0,0,,,
a holy terror,,,"可怕的人,讨厌的家伙",,,,,0,0,,,
a home from home,,,象家里一样舒适的环境,,,,,0,0,,,
a home thrust,,,正中要害的一击,,,,,0,0,,,
a home truth,,,"老生常谈, 令人难堪的事实, 逆耳的老实话",,,,,0,0,,,
A horizon,,,"A层（腐殖堆积层, 等于淋溶层）",,,,,0,0,,,
a horizontal line,,,水平线,,,,,0,0,,,
a horn of plenty,,,富饶的象征,,,,,0,0,,,
a horse of another colour,,,完全另一回事,,,,,0,0,,,
a horse on sb.,,,针对某人的恶作剧,,,,,0,0,,,
a host of,,,"许多,一大群",,,,,0,0,,,
a hot lead,,,极好的线索,,,,,0,0,,,
a hot number,,,"热门货, 感情热烈的女子",,,,,0,0,,,
a hot potato,,,棘手的问题,,,,,0,0,,,
a hot time,,,"紧张时刻,难熬的日子",,,,,0,0,,,
a house of call,,,"零工待雇处, 常去的场所",,,,,0,0,,,
a house of cards,,,"纸牌做的房子, 不牢靠的计划",,,,,0,0,,,
a house of correction,,,教养院,,,,,0,0,,,
a house of detention,,,拘留所,,,,,0,0,,,
a house of God,,,教堂,,,,,0,0,,,
a house of ill fame,,,妓院,,,,,0,0,,,
a house of prayer,,,教堂,,,,,0,0,,,
a house of refuge,,,难民收容所,,,,,0,0,,,
a household word,,,人人皆知的词语,,,,,0,0,,,
a hue and cry,,,"通辑令, 叫喊声, 喊捉声, 喧哗",,,,,0,0,,,
a huis clos,ɑ:'wi:'klәu,,"[法]秘密地, 私下",,,,,0,0,,,
a human failing,,,人类的弱点,,,,,0,0,,,
a hundred and one,,,许多,,,,,0,0,,,
a hundred percent,,,"百分之百, 完全",,,,,0,0,,,
a hundred times,ei ˈhʌndrəd taɪmz,, 百倍,,,,,0,0,,,
A ignore B gate,,,[计] 与B无关的A门,,,,,0,0,,,
A is acccompanied by B,,,"(甲)伴有(乙), (甲)引起(乙)",,,,,0,0,,,
A is meant by B,,,(乙)的意思是(甲),,,,,0,0,,,
A is meant for B,,,(甲)是为(乙)作准备的,,,,,0,0,,,
A is used as B,,,甲被用作乙,,,,,0,0,,,
a Jack in office,,,自命不凡的小官,,,,,0,0,,,
a Jack of both side,,,骑墙派,,,,,0,0,,,
a Jack of straw,,,稻草人,,,,,0,0,,,
a jazz hound,,,舞迷,,,,,0,0,,,
a job interview,,,招工面试,,,,,0,0,,,
a job lot,,,整批买卖的杂货,,,,,0,0,,,
a jolly dog,,,快活的人,,,,,0,0,,,
a Judas kiss,,,"口蜜腹剑, 阴险的背叛",,,,,0,0,,,
a keeper of his words,,,说话算数的人,,,,,0,0,,,
a Kempis,,,[网络] 凯美人,,,,,0,0,,,
a kick in one's gallop,,,异想天开,,,,,0,0,,,
a kick in the pants,,,"意想不到的斥责,重大挫折",,,,,0,0,,,
a kick in the teeth,,,突然的挫折,,,,,0,0,,,
a kind of,,,"一种,一类",,,,,0,0,,,
a king's ransom,,,一笔巨款,,,,,0,0,,,
a knack of trade,,,"经商之道,行业诀窍",,,,,0,0,,,
a knight in shining armor,,,"力挽狂澜的人,白马王子",,,,,0,0,,,
a knight in shining armour,,,"力挽狂澜的完美人物,白马王子",,,,,0,0,,,
a knight of the brush,,,美术家,,,,,0,0,,,
a knight of the hammer,,,铁匠,,,,,0,0,,,
a knight of the pen,,,文人,,,,,0,0,,,
a knight of the road,,,"流动推销员, 流浪汉",,,,,0,0,,,
a knowing card,,,精明者,,,,,0,0,,,
a la,,,.....型式的,,,,,0,0,,,
a la carte,ɑ: lɑ: 'kɑ:t,,a. 按菜单点菜的\nadv. 按菜单点菜,,,,,0,0,,,
a la king,,,用含有青椒的,,,,,0,0,,,
a la mode,ɑ: lɑ: 'mәjd,,"a. 流行的, 时髦的, 加冰淇淋的",,,,,0,0,,,
a labor of love,,,"爱做的事,出自喜爱而做的事",,,,,0,0,,,
a labour of love,,,爱做的事,,,,,0,0,,,
a lace border,,,花边,,,,,0,0,,,
a lack of,,, 缺乏，缺少,,,,,0,0,,,
a lady by birth,,,出身名门的贵妇人,,,,,0,0,,,
a lady of easy virtue,,,放荡的女人,,,,,0,0,,,
a lame apology,,,"站不住脚的辩解,漏洞百出的借口",,,,,0,0,,,
a land battle,,,陆战,,,,,0,0,,,
a land flowing with milk and honey,,,鱼米之乡,,,,,0,0,,,
a lantern jaw,,,"尖下巴,瘦削的脸孔",,,,,0,0,,,
a large amount of,,,大量的,,,,,0,0,,,
a large ballot,,,很多的选票,,,,,0,0,,,
a large body of,,,"一大堆,许多…",,,,,0,0,,,
a large body of facts,,,一大堆数据,,,,,0,0,,,
a large number of,,,"大量的..., 许多...",,,,,0,0,,,
a large per cent of,,,"很大一部分的,大部分…",,,,,0,0,,,
a large proportion of,,,大部分的…,,,,,0,0,,,
a large quantity of,,,大量...,,,,,0,0,,,
a large variety of,,,"各种各样的..., 种种...",,,,,0,0,,,
a large yield of wheat,,,小麦的丰收,,,,,0,0,,,
a launching pad,,,导弹发射台,,,,,0,0,,,
a law maker,,,"立法者,立法机构",,,,,0,0,,,
a law unto oneself,,,独断专行者,,,,,0,0,,,
a lawn party,,,游园会,,,,,0,0,,,
a lay figure,,,"人体模型,模特儿;傀儡",,,,,0,0,,,
a lay man,,,"俗人,门外汉,外行",,,,,0,0,,,
a layer of,,,一层…,,,,,0,0,,,
a leading article,,,社论,,,,,0,0,,,
a leading card,,,"先例, 榜样",,,,,0,0,,,
a leak of information,,,情报的洩漏,,,,,0,0,,,
a leap in the dark,,,冒险的行动,,,,,0,0,,,
a leap year,,,闰年,,,,,0,0,,,
a lease of life,,,寿命,,,,,0,0,,,
a leash of days,,,一连三天,,,,,0,0,,,
a legal year,,,法定年,,,,,0,0,,,
a length of,,,一段,,,,,0,0,,,
a letter of sympathy,,,慰问信,,,,,0,0,,,
A level,,,n. 英国GCE考试甲级标准,,2,,,0,0,,,
a lie of whole cloth,,,十足的谎言,,,,,0,0,,,
a lieutenant general,,,陆军中将,,,,,0,0,,,
a life peer,,,终身担任的上院议员,,,,,0,0,,,
a light hand,,,熟练(的手艺),,,,,0,0,,,
a light purse,,,贫困,,,,,0,0,,,
a limb of the devil,,,顽童,,,,,0,0,,,
a line of,,,"一行,一列,一排",,,,,0,0,,,
a line of least resistance,,,"阻力最小的方向, 最容易的途径",,,,,0,0,,,
a lion in the way,,,拦路虎,,,,,0,0,,,
a liquidation sale,,,清仓拍卖,,,,,0,0,,,
a litter of pigs,,,一窝猪仔,,,,,0,0,,,
a little,,,"一些, 一点点, 一点儿, 稍微, 些许",,,1,,0,0,,,
A little bird told me,,,"有人私下告诉我,我听说",,,,,0,0,,,
a little bit,,,"有点,些许",,,,,0,0,,,
a little eternity,,,一段很长的时间,,,,,0,0,,,
a little now and a little then,,,"间断地,断断续续地",,,,,0,0,,,
a little rift within the lute,,,"最初的分歧,发疯的预兆",,,,,0,0,,,
a little tin god,,,自命不凡的人,,,,,0,0,,,
a little too thick,,,"太过分, 过度",,,,,0,0,,,
a little while,,,"一会儿,短时间",,,,,0,0,,,
a little while ago,,,方才,,,,,0,0,,,
a live programme,,,"实况转播的节目,现场直播",,,,,0,0,,,
a live wire,,,"通电电线, 有活力的人",,,,,0,0,,,
a living copy of the past,,,"依然如故,照旧",,,,,0,0,,,
a living hell,,,人间地狱,,,,,0,0,,,
a load of,,,"大量, 许多",,,,,0,0,,,
a loading area,,,装卸区,,,,,0,0,,,
a loaf of bread,,,一个面包,,,,,0,0,,,
a loan on security,,,担保贷款,,,,,0,0,,,
a local speciality,,,地方特产,,,,,0,0,,,
a lone wolf,,,不喜欢与人来往的人,,,,,0,0,,,
a long dozen,,,十三个,,,,,0,0,,,
a long shot,,,不大会成功的尝试,,,,,0,0,,,
a long shot gamble,,,孤注一掷,,,,,0,0,,,
a long time ago,,,很久以前,,,,,0,0,,,
a long way from,,,距离…遥远,,,,,0,0,,,
a long while ago,,,很长时间以前,,,,,0,0,,,
a long word,,,很长的时间,,,,,0,0,,,
a look of vacancy,,,茫然若失的神情,,,,,0,0,,,
a loose fish,,,放荡不羁者,,,,,0,0,,,
a losing battle,,,"没有希望胜利的战斗,失利的战斗",,,,,0,0,,,
a lost cause,,,已失败的事业;大势已去,,,,,0,0,,,
a lost sheep,,,"迷路的羊, 误入歧途的人",,,,,0,0,,,
a lot,,,"大量, 很, 非常",,,1,,0,0,,,
a lot of,,,许多的,,,,,0,0,,,
a love match,,,爱情结合的婚姻,,,,,0,0,,,
a lucky dip,,,"幸运袋,摸彩袋",,,,,0,0,,,
a lucky dog,,,"幸运儿,走运的家伙",,,,,0,0,,,
a lucky miss,,,侥幸免难,,,,,0,0,,,
a lump in one's throat,,,"喉咙哽住, 哽咽",,,,,0,0,,,
a lump in the throat,,,喉咙哽住,,,,,0,0,,,
a lump of selfishness,,,一个彻头彻尾的自私者,,,,,0,0,,,
a lump sum,,,"[经] 一次总付的金额, 一笔整数",,,,,0,0,,,
a lunar year,,,太阴年,,,,,0,0,,,
a made man,,,"肯定会成功的人,以崭露头脚者",,,,,0,0,,,
a magazine of wisdom,,,智慧的宝库,,,,,0,0,,,
a maiden work,,,处女作,,,,,0,0,,,
a mailed fist,,,"武力威胁,暴力",,,,,0,0,,,
a major general,,,陆军少将,,,,,0,0,,,
a majority of,,,"大部分,大多数",,,,,0,0,,,
a man about town,,,花花公子,,,,,0,0,,,
a man at the desk,,,"办事员,书记员",,,,,0,0,,,
a man born of woman,,,凡人,,,,,0,0,,,
a man in a thousand,,,"百里挑一者,出类拔萃的人",,,,,0,0,,,
a man of ability,,,"能干者,有本事的人",,,,,0,0,,,
a man of application,,,"勤奋工作者,专心致志者",,,,,0,0,,,
a man of Belial,,,"无赖, 堕落者",,,,,0,0,,,
a man of business,,,代理人,,,,,0,0,,,
a man of character,,,"有个性的人,性格坚强者",,,,,0,0,,,
a man of decision,,,"有决断能力的人,果断的人",,,,,0,0,,,
a man of dress,,,衣着讲究的男人,,,,,0,0,,,
a man of eminence,,,"名人,卓越人物",,,,,0,0,,,
a man of family,,,"有家室者,有妻儿老小者;名门子弟",,,,,0,0,,,
a man of fashion,,,"时髦人物,风头人物",,,,,0,0,,,
a man of figure,,,"人物,名人,要人,有声望的人",,,,,0,0,,,
a man of God,,,"圣徒, 牧师",,,,,0,0,,,
a man of great energy,,,精力充沛的人,,,,,0,0,,,
a man of great esteem,,,德高望重者,,,,,0,0,,,
a man of great resources,,,"足智多谋者,老谋深算者",,,,,0,0,,,
a man of high standing,,,"有很高地位,有很高声望的",,,,,0,0,,,
a man of his hands,,,有手艺的人,,,,,0,0,,,
a man of his word,,,"恪守信用者,言之有信者",,,,,0,0,,,
a man of intellectual breadth,,,知识渊博的人,,,,,0,0,,,
a man of iron,,,"意志坚强的人, 严酷的人",,,,,0,0,,,
a man of letters,,,"学者, 作家",,,,,0,0,,,
a man of light and leading,,,"权威人士,有先见之明者",,,,,0,0,,,
a man of mark,,,"名人, 要人",,,,,0,0,,,
a man of means,,,"富人,有钱人,有财产者",,,,,0,0,,,
a man of men,,,"卓越人物,杰出者",,,,,0,0,,,
a man of mettle,,,有勇气的人,,,,,0,0,,,
a man of moods,,,喜怒无常的人,,,,,0,0,,,
a man of mould,,,凡人,,,,,0,0,,,
a man of nerve,,,有胆量的人,,,,,0,0,,,
a man of no fixed abode,,,无固定住所者,,,,,0,0,,,
a man of one's word,,,守信的人,,,,,0,0,,,
a man of parts,,,有才能的人,,,,,0,0,,,
a man of polish,,,文雅人士,,,,,0,0,,,
a man of property,,,有产者,,,,,0,0,,,
a man of renown,,,"名人,知名人士",,,,,0,0,,,
a man of sin,,,罪人,,,,,0,0,,,
a man of straw,,,"稻草人, 假想的对手",,,,,0,0,,,
a man of temperate habits,,,"禀性温和的人,有节制的人",,,,,0,0,,,
a man of the world,,,深通世故的人,,,,,0,0,,,
a man of vision,,,"有眼光的人,有远见的人,高瞻远瞩者",,,,,0,0,,,
a man of wax,,,"模范人物,完人",,,,,0,0,,,
a man of wealth,,,"富人,有钱人",,,,,0,0,,,
a man of zeal,,,热心人,,,,,0,0,,,
a man on horseback,,,军事独裁者,,,,,0,0,,,
a man on top of his work,,,工作出色的人,,,,,0,0,,,
a man with the bark on,,,粗人,,,,,0,0,,,
a man with the broom,,,"想作一番改革者,热心改革的人",,,,,0,0,,,
a man with the muck,,,"到处打听丑闻的人,爱散布流言蜚语的人",,,,,0,0,,,
a marriage of convenience,,,基于利害关系的婚姻,,,,,0,0,,,
a mass of,,,"一块,一团,大量的",,,,,0,0,,,
a master hand,,,"能手,行家里手;大手笔,文学大师",,,,,0,0,,,
a master mind,,,"伟人,杰出人物,思想家",,,,,0,0,,,
a master stroke,,,"妙举,大成,丰功伟绩",,,,,0,0,,,
a mat of hair,,,一簇头发,,,,,0,0,,,
a matron of honour,,,伴娘,,,,,0,0,,,
a matter at issue,,,"有争议的问题,正在争论的问题",,,,,0,0,,,
a matter for wonder,,,惊奇的事情,,,,,0,0,,,
a matter in hand,,,当前的问题,,,,,0,0,,,
a matter of,,,"...左右, ...上下, 只是...的问题而已, 只需, 大约",,,,,0,0,,,
a matter of course,,,理所当然的事,,,,,0,0,,,
a matter of great account,,,一件很重要的事,,,,,0,0,,,
a matter of life and death,,,生死攸关的事,,,,,0,0,,,
a matter of opinion,,,看法不同的问题,,,,,0,0,,,
a matter of record,,,有案可查的事,,,,,0,0,,,
a maximum of,,,"至多,最多",,,,,0,0,,,
a mean fellow,,,"卑鄙的家伙,吝啬鬼",,,,,0,0,,,
a measure of,,,一定程度的,,,,,0,0,,,
a medical man,,,医生,,,,,0,0,,,
a mensa et thoro,," A kind of divorce which does not dissolve the\n   marriage bond, but merely authorizes a separate life of the husband and\n   wife.",[法] 分居,,,,,0,0,,,
a mental case,,,精神病患者,,,,,0,0,,,
a mere apology for...,,,勉强充作...的东西,,,,,0,0,,,
a mere fable,,,纯属无稽之谈,,,,,0,0,,,
a mere pose,,,"纯粹的姿态,仅仅是做出的样子",,,,,0,0,,,
a mere pose for,,,不过是...的伪装,,,,,0,0,,,
a message of greetings,,,"贺电,贺信",,,,,0,0,,,
a message of mourning,,,"唁电,志哀信",,,,,0,0,,,
a middle school in affiliation,,,附属中学,,,,,0,0,,,
a midget radio,,,袖珍收音机,,,,,0,0,,,
a mile,,,一哩,,,,,0,0,,,
a military area,,,军区,,,,,0,0,,,
a million times,,,一百万次,,,,,0,0,,,
a mind reader,,,能猜出别人心思的人,,,,,0,0,,,
a mine layer,,,布雷舰,,,,,0,0,,,
a mine of information,,,知识的宝库,,,,,0,0,,,
a mine yawl,,,布雷快艇,,,,,0,0,,,
a mine zone,,,布雷区,,,,,0,0,,,
a minimum of,,,"至少,最少,最起码",,,,,0,0,,,
a minute,,,一分钟；一会儿,,,,,0,0,,,
a missing person,,,失踪人员,,,,,0,0,,,
a mite of a child,,,小得可怜的孩子,,,,,0,0,,,
a mite on an elephant,,,"大象身上一小虱, 大小悬殊",,,,,0,0,,,
a moment ago,ə ˈməumənt əˈɡəu,, 刚才; 将才,,,,,0,0,,,
a money of account,,,n. 计算货币,,,,,0,0,,,
a Mongolian yurt,,,蒙古包,,,,,0,0,,,
a monkey with a long tail,,,抵押,,,,,0,0,,,
a month of Sundays,,,很久,,,,,0,0,,,
a month or so,,,一个月左右,,,,,0,0,,,
a motor bicycle,,,摩託车,,,,,0,0,,,
a mountain of,,,"山一样的一大堆,大量的…",,,,,0,0,,,
a mountain of flesh,,,高大结实的人,,,,,0,0,,,
a mountain range,,,山脉,,,,,0,0,,,
a mountain recess,,,"丛山深处,山隈",,,,,0,0,,,
a mountain retreat,,,"山庄,世外桃源,香格里拉",,,,,0,0,,,
a mountainous area,,,山区,,,,,0,0,,,
a movie queue,,,等待买电影票的长列,,,,,0,0,,,
a mug of,,,一大杯…,,,,,0,0,,,
a multitude of,,,"大批的,大量的,许许多多的…",,,,,0,0,,,
a mushroom millionaire,,,暴发户,,,,,0,0,,,
a mushroom town,,,新兴城镇,,,,,0,0,,,
a muster of,,,"一群…,一批…,一大堆…",,,,,0,0,,,
a muster of peacocks,,,一群孔雀,,,,,0,0,,,
a name to conjure with,,,威力巨大的名字,,,,,0,0,,,
a narrow escape,,,九死一生,,,,,0,0,,,
a narrow margin of profit,,,薄利,,,,,0,0,,,
a narrow scrape,,,"险些儿陷入困境,差一点倒霉,九死一生,千钧一发",,,,,0,0,,,
a narrow squeak,,,"九死一生的脱险, 勉强的成功",,,,,0,0,,,
a narrow victory,,,"勉强取得的胜利,险胜",,,,,0,0,,,
a nasty one,,,"责骂, 使人一蹶不振的打击",,,,,0,0,,,
a nasty piece of work,,,"阴谋, 下流的家伙",,,,,0,0,,,
a nation of shopkeepers,,,"小店主之国,善于做买卖的民族",,,,,0,0,,,
a natural for sth,,,天生适合做某事的人,,,,,0,0,,,
a natural inference,,,必然的推论,,,,,0,0,,,
a naval battle,,,海战,,,,,0,0,,,
a near escape,,,九死一生,,,,,0,0,,,
a near go,,,极侥幸的逃脱,,,,,0,0,,,
a near miss,,,"侥幸脱险,险些相撞",,,,,0,0,,,
a near thing,,,侥幸的脱险,,,,,0,0,,,
a near touch,,,九死一生,,,,,0,0,,,
a necessary house,,,厕所,,,,,0,0,,,
a negative plate,,,"底片,感光板",,,,,0,0,,,
a negligible quantity,,,可忽略的因素,,,,,0,0,,,
a Negro in petticoats,,,残暴的女人,,,,,0,0,,,
a nest of,,,"一窝…,一套…",,,,,0,0,,,
a network of falsehoods,,,"一大堆谎言,谎话连篇",,,,,0,0,,,
a neutral sort of person,,,"无显着特色的人,平平淡淡的人",,,,,0,0,,,
a new broom,,,新上任的官员,,,,,0,0,,,
A new broom sweeps clean,,,新官上任三把火,,,,,0,0,,,
a new lease of life,,,"富于希望的, 新生",,,,,0,0,,,
a newspaper installment,,,报刊的连载,,,,,0,0,,,
a nice bit of,,,相当多的,,,,,0,0,,,
a nice distinction,,,"细微的区别,微妙的区别",,,,,0,0,,,
a nice ear,,,"敏锐的耳朵,听觉敏锐",,,,,0,0,,,
a nice fit,,,十分合适的人或物,,,,,0,0,,,
a nice shade of meaning,,,意思上的细微区别,,,,,0,0,,,
a nigger in the woodpile,,,隐私,,,,,0,0,,,
a nine days wonder,,,轰动一时后便被忘却的事,,,,,0,0,,,
a nodding acquaintance,,,点头之交,,,,,0,0,,,
a nonce word,,,临时造出来的词,,,,,0,0,,,
a nose of wax,,,"耳朵软的人, 容易塑捏的东西",,,,,0,0,,,
a nose to light candles at,,,酒糟鼻,,,,,0,0,,,
a notch above the others,,,高人一等,,,,,0,0,,,
a nuclear family,,,核心家庭,,,,,0,0,,,
a number of,,,许多的,,,,,0,0,,,
a pack of,,,"一盒,一包;一伙…,一群…",,,,,0,0,,,
a pack of lies,,,连篇的谎言,,,,,0,0,,,
a pack of wolves,,,一群狼,,,,,0,0,,,
a package of,,,一包…,,,,,0,0,,,
a packet of,,,"一盒…,一捆…,一包…",,,,,0,0,,,
a packet of troubles,,,一大堆麻烦事,,,,,0,0,,,
a packet vessel,,,"邮船,班船",,,,,0,0,,,
a packing list,,,装箱单,,,,,0,0,,,
a pad of notes,,,一扎钞票,,,,,0,0,,,
a page boy,,,"侍童,小听差",,,,,0,0,,,
a pail of,,,一桶…,,,,,0,0,,,
a pain in the ass,,,"讨厌的家伙,讨厌的事情",,,,,0,0,,,
a pain in the neck,,,"讨厌的家伙, 可恶的家伙, 使人厌烦的责任, 使人厌烦的义务",,,,,0,0,,,
a painter in oils,,,油画家,,,,,0,0,,,
a pair of,,,"一对..., 一付...",,,,,0,0,,,
a pair of drawers,,,一条衬裤,,,,,0,0,,,
a pair of spectacles,,,一副眼镜,,,,,0,0,,,
a pair of tongs,,,一把钳子,,,,,0,0,,,
a par of exchange,,,"汇兑牌价,外汇平价",,,,,0,0,,,
a paradise for children,,,儿童乐园,,,,,0,0,,,
a part of,ə pɑ:t ɔv,, 部分,,,,,0,0,,,
a particle of,,,"一点点,少量的…",,,,,0,0,,,
a passage of arms,,,"交战, 争论",,,,,0,0,,,
a passed master,,,老手,,,,,0,0,,,
a past master,,,"行家,里手,能工巧匠",,,,,0,0,,,
a pasturing area,,,牧区,,,,,0,0,,,
a pat of butter,,,一小块奶油,,,,,0,0,,,
a pat on the back,,,"鼓励,赞许",,,,,0,0,,,
a patch of,,,"一块,一片",,,,,0,0,,,
a patent fact,,,明显的事实,,,,,0,0,,,
a path strewn with roses,,,安乐的一生,,,,,0,0,,,
a pay raise,,,加薪,,,,,0,0,,,
a peacock in his pride,,,开屏的孔雀,,,,,0,0,,,
a pearl among women,,,巾帼英杰,,,,,0,0,,,
a peck of,,,"很多,大量的",,,,,0,0,,,
a peck of troubles,,,"一大堆困难,很多的烦恼",,,,,0,0,,,
a peg to hang on,,,借口;话题;适当的时机,,,,,0,0,,,
a peg too low,,,"抑郁的,醉醺醺的",,,,,0,0,,,
a penal code,,,刑法,,,,,0,0,,,
a penelope's web,,,永远完成不了的工作,,,,,0,0,,,
a period of,ei ˈpiəriəd ɔv,, 阵子,,,,,0,0,,,
a person of color,,,有色人种的人,,,,,0,0,,,
a petticoat affair,,,桃色事件,,,,,0,0,,,
a piece of,,,"一块..., 一片...",,,,,0,0,,,
a piece of cake,,,轻松的事,,,,,0,0,,,
a piece of china,,,一件瓷器,,,,,0,0,,,
a piece of furniture,,,一件家具,,,,,0,0,,,
a piece of goods,,,人,,,,,0,0,,,
a piece of nasty work,,,"下流卑鄙的家伙,恶棍",,,,,0,0,,,
a piece of news,,,"一条消息,一则新闻",,,,,0,0,,,
a piece of piss,,,"极其容易的工作,和撒尿一样容易的事情",,,,,0,0,,,
a piece of property,,,一项财产,,,,,0,0,,,
a piece of resistance,,,"主要产品,主菜,出类拔萃的人或物",,,,,0,0,,,
a piece of work,,,"一件工作, 难事, 一件作品",,,,,0,0,,,
a pigeon pair,,,龙凤双胞胎,,,,,0,0,,,
a pile of,,,"一堆,一垛…",,,,,0,0,,,
a pile of shit,,,"废话, 胡说, 废物, 卑鄙者",,,,,0,0,,,
a pill to cure an earthquake,,,"n. 软弱的措施,不彻底的办法",,,,,0,0,,,
a pinch of,,,"一小撮…,微量的…",,,,,0,0,,,
a pirate listener,,,"偷听者,窃听者",,,,,0,0,,,
a pirated version,,,"非法翻印的版本,海盗版",,,,,0,0,,,
a piss pot,,,"尿壶,痰盂",,,,,0,0,,,
a pitched battle,,,n. 难分难解的酣战,,,,,0,0,,,
a pity,,,n. 遗憾,,,,,0,0,,,
a place in the sun,,,显要的地位,,,,,0,0,,,
a plain bearing,,,滑动轴承,,,,,0,0,,,
a plan of operations,,,作战计划,,,,,0,0,,,
a play doctor,,,剧本改编者,,,,,0,0,,,
a play on words,,,"双关语,俏皮话",,,,,0,0,,,
a play upon words,,,"双关语, 俏皮话",,,,,0,0,,,
a plenty of,,,大量；许多,,,,,0,0,,,
a plot of,,,一块,,,,,0,0,,,
a pluck of wool,,,拔下的一把羊毛,,,,,0,0,,,
a plume of smoke,,,一缕烟,,,,,0,0,,,
a plump lie,,,"弥天大谎,昭然若揭的谎言",,,,,0,0,,,
a point in dispute,,,"有争议的论点,争端",,,,,0,0,,,
a point of honor,,,与面子有关的事,,,,,0,0,,,
a point of honour,,,为维护脸面必须做的事,,,,,0,0,,,
a point of no return,,,"航线临界点, 只能进不能退的地步",,,,,0,0,,,
a point of safe return,,,n. 安全返航点,,,,,0,0,,,
a point of vantage,,,有利地位,,,,,0,0,,,
a point of view,,,观点,,,,,0,0,,,
a pole brace,,,电桿拉线,,,,,0,0,,,
a political arena,,,n. 政治舞台,,,,,0,0,,,
a poor fish,,,"可怜的家伙,可怜虫",,,,,0,0,,,
a poor snake,,,"穷苦人,做苦力的人",,,,,0,0,,,
a portable radio,,,便携式收音机,,,,,0,0,,,
a portion of,,,"一部分的…;一份,一客",,,,,0,0,,,
a position of eminence,,,显赫的地位,,,,,0,0,,,
a posteriori,," Characterizing that kind of reasoning which derives\n   propositions from the observation of facts, or by generalizations from\n   facts arrives at principles and definitions, or infers causes from\n   effects. This is the reverse of a priori reasoning.\n Applied to knowledge which is based upon or derived\n   from facts through induction or experiment; inductive or empirical.","[计] 后验的, 凭经验的, 归纳的",,,,,0,0,,,
a posteriori estimation,,,[计] 后验估计,,,,,0,0,,,
a pound of flesh,,,合法不合理的事,,,,,0,0,,,
a pound to a penny,,,"十有八九,可能性极大",,,,,0,0,,,
a power of,,,"极大的,很多",,,,,0,0,,,
a power of attorney,,,"n. 委託书,代理权",,,,,0,0,,,
a powre supply,,,[电] A电源,,,,,0,0,,,
A pox on him,,,他该死,,,,,0,0,,,
a practical joke,,,恶作剧,,,,,0,0,,,
a practicing doctor,,,开业医生,,,,,0,0,,,
a preface from the pen of,,,由…代写的序言,,,,,0,0,,,
a prescription against,,,治疗…的药方,,,,,0,0,,,
a press interview,,,记者採访,,,,,0,0,,,
a pretty go,,,"怪事,奇怪",,,,,0,0,,,
a pretty hash,,,"乱七八糟,一团糟",,,,,0,0,,,
a pretty kettle of fish,,,"一团糟,一塌煳涂",,,,,0,0,,,
a pretty mess,,,"一蹋煳涂,乱七八糟",,,,,0,0,,,
a pretty packet,,,一大笔钱,,,,,0,0,,,
a pretty pass,,,困境,,,,,0,0,,,
a pretty penny,,,"一大笔钱,相当可观的一笔钱",,,,,0,0,,,
a price list,,,价目表,,,,,0,0,,,
a priest of Bacchus,,,酒鬼,,,,,0,0,,,
a primary rainbow,,,虹,,,,,0,0,,,
a priori,.eiprai'ɒ:rai," Characterizing that kind of reasoning which deduces\n   consequences from definitions formed, or principles assumed, or which\n   infers effects from causes previously known; deductive or deductively.\n   The reverse of a posteriori.\n Applied to knowledge and conceptions assumed, or\n   presupposed, as prior to experience, in order to make experience\n   rational or possible.","由因及果的, 演绎的, 先验的\n[法] 公理的, 自明的",,,,,0,0,,,
a priori limitation,,,[法] 预定限制,,,,,0,0,,,
a prison bird,,,"囚犯,惯犯",,,,,0,0,,,
a profound sleep,,,n. 酣睡,,,,,0,0,,,
a profusion of,,,"很多,大量",,,,,0,0,,,
a program parade,,,节目预告,,,,,0,0,,,
a protracted struggle,,,"长期斗争,持久战",,,,,0,0,,,
a public figure,,,"知名人士,抛头露面的人物,头面人物",,,,,0,0,,,
a pulp magazine,,,低级趣味的杂志,,,,,0,0,,,
a punch press,,,"冲床,冲孔机,打卡机",,,,,0,0,,,
a punching bag,,,供拳击用的沙袋,,,,,0,0,,,
a put-up job,,,"骗局, 圈套",,,,,0,0,,,
a putty medal,,,小奖赏,,,,,0,0,,,
a quantity of,,,"一些,若干",,,,,0,0,,,
a quarter of,,,四分之一的,,,,,0,0,,,
a queen of hearts,,,美人,,,,,0,0,,,
a queer bird,,,怪人,,,,,0,0,,,
a queer cat,,,怪人,,,,,0,0,,,
a queer fish,,,"疯子,怪人",,,,,0,0,,,
a queue of,,,"一队,一行,一长列…",,,,,0,0,,,
a quiver full of children,,,子女多的大家庭,,,,,0,0,,,
a quorum of athletes,,,一批优秀运动员,,,,,0,0,,,
a racing yacht,,,竞赛用快艇,,,,,0,0,,,
a radio ham,,,无线电业余爱好者,,,,,0,0,,,
a radio telephone,,,无线电话,,,,,0,0,,,
a rag doll,,,布娃娃,,,,,0,0,,,
a ragged school,,,"贫民学校,破烂的校学校",,,,,0,0,,,
a rail advice,,,铁路到货通知书,,,,,0,0,,,
a rail fence,,,"栅栏,篱笆",,,,,0,0,,,
a railway juncture,,,铁路枢纽站,,,,,0,0,,,
a rain check,,,留待天晴补看的票根;延期举行,,,,,0,0,,,
a rain of bullets,,,枪林弹雨,,,,,0,0,,,
a rain of congratulations,,,一连串的祝贺,,,,,0,0,,,
a rainbow of,,,"各种各样的..., 五颜六色的...",,,,,0,0,,,
a rainy day,,,"n. 雨天,穷困时",,,,,0,0,,,
a raise in salary,,,"加薪,加工资",,,,,0,0,,,
a random guess,,,"瞎猜,乱猜",,,,,0,0,,,
a random shot,,,"胡乱的射击,流弹",,,,,0,0,,,
a range of,ə reindʒ ɔv,, 一系列; 一些; 一套,,,,,0,0,,,
a rash advance,,,"鲁莽前进,冒进",,,,,0,0,,,
a rat leaving a sinking ship,,,n. 不能共患难的人,,,,,0,0,,,
a rat race,,,激烈的竞争,,,,,0,0,,,
a rave review,,,大加赞赏的评论,,,,,0,0,,,
a raw beginner,,,缺乏经验的生手,,,,,0,0,,,
a raw brick,,,砖坯,,,,,0,0,,,
a raw deal,,,不公平的对待,,,,,0,0,,,
a raw hand,,,"生手,新兵",,,,,0,0,,,
a ray of,,,"一线…,一丝…,少量…",,,,,0,0,,,
a ray of hope,,,一线希望,,,,,0,0,,,
a ray of truth,,,"一丝真理,有点道理",,,,,0,0,,,
a razor blade,,,刀片,,,,,0,0,,,
a reading list,,,阅读书目,,,,,0,0,,,
a real jam,,,"上等货,难得的享受",,,,,0,0,,,
a real treat,,,"真正的享受,真正快乐的事情",,,,,0,0,,,
a rear area,,,n. 后方,,,,,0,0,,,
a red letter day,,,"节日,假日,大喜日",,,,,0,0,,,
a reel of film,,,一盘影片,,,,,0,0,,,
a regular army,,,n. 正规军,,,,,0,0,,,
a regular banquet,,,豪华的宴会,,,,,0,0,,,
a regular pest,,,十足的坏蛋,,,,,0,0,,,
a regulating dam,,,拦洪坝,,,,,0,0,,,
a regulation game,,,正式比赛,,,,,0,0,,,
a reign of terror,,,恐怖统治,,,,,0,0,,,
a remedy against,,,防治…的药物,,,,,0,0,,,
a reminiscent mood,,,n. 怀旧情绪,,,,,0,0,,,
a remodelled army,,,经过改编的军队,,,,,0,0,,,
a required course,,,必修课,,,,,0,0,,,
a rescue party,,,抢救组,,,,,0,0,,,
a residence zone,,,住宅区,,,,,0,0,,,
a retaining fee,,,n. 律师费,,,,,0,0,,,
a retro,,,[经] 拖欠,,,,,0,0,,,
a rhetorical question,,,反问句,,,,,0,0,,,
a rich cake,,,重油蛋糕,,,,,0,0,,,
a right angle,,,n. 直角,,,,,0,0,,,
a right guy,,,可靠的人,,,,,0,0,,,
a riot of colour,,,"色彩缤纷,争芳斗妍",,,,,0,0,,,
a riot of sound,,,"声音嘈杂,人声鼎沸",,,,,0,0,,,
a road hog,,,"横冲直撞的司机,交通肇事者",,,,,0,0,,,
a roar of anger,,,一阵怒号,,,,,0,0,,,
a roar of laughter,,,一阵哄笑,,,,,0,0,,,
a Roland for an Oliver,,,"势均力敌, 以牙还牙",,,,,0,0,,,
a roll of,,,一卷,,,,,0,0,,,
a roll of film,,,一卷胶卷,,,,,0,0,,,
a roll of honor,,,阵亡将士名单,,,,,0,0,,,
a roll of the dice,,,"掷骰子,碰运气,可能性",,,,,0,0,,,
a roller bearing,,,滚柱轴承,,,,,0,0,,,
a rope of sand,,,"不牢固的结合, 无结果的事",,,,,0,0,,,
a rough diamond,,,"未加工的天然钻石, 外粗内秀之人",,,,,0,0,,,
a round of talks,,,一轮谈判,,,,,0,0,,,
a round of visits,,,一系列的访问;巡回出诊,,,,,0,0,,,
a round peg in a square hole,,,n. 不适宜担当某职务的人,,,,,0,0,,,
a rousing welcome,,,热烈欢迎,,,,,0,0,,,
a row of,,,"一排,一行",,,,,0,0,,,
a rum start,,,惊人的事情,,,,,0,0,,,
a rummage sale,,,"清仓拍卖, 捐赠品义卖",,,,,0,0,,,
a run for one's money,,,"花钱得到的满足, 激烈的竞争",,,,,0,0,,,
a running cold,,,流鼻涕的感冒,,,,,0,0,,,
a running commentary,,,当场连续的评述,,,,,0,0,,,
a running fire,,,"连发, 一连串的批评指责",,,,,0,0,,,
a rural area,,,n. 农村地区,,,,,0,0,,,
a sack of flour,,,一袋面粉,,,,,0,0,,,
a sacred cow,,,"n. 圣牛,神圣之物",,,,,0,0,,,
a sad dog,,,"放荡的人, 鲁莽的人",,,,,0,0,,,
a sad sack,,,"讨厌的女孩;好心办坏事的人,难相处的人",,,,,0,0,,,
a sailing boat,,,帆船,,,,,0,0,,,
a saliing ship,,,大帆船,,,,,0,0,,,
a saucy hat,,,俏丽的帽子,,,,,0,0,,,
a saucy smil,,,慧黠的微笑,,,,,0,0,,,
a savage lion,,,勐狮,,,,,0,0,,,
a saving grace,,,可取之处,,,,,0,0,,,
a score of,,,"二十,几十,许多…",,,,,0,0,,,
a scrap of paper,,,一张废纸,,,,,0,0,,,
a scrap of the pen,,,"大笔一挥,签字",,,,,0,0,,,
a scrape of the pen,,,"签字, 简单手令",,,,,0,0,,,
a scratch of pen,,,n. 签名,,,,,0,0,,,
a scratch of the pen,,,签名,,,,,0,0,,,
a scream of laughter,,,纵声大笑,,,,,0,0,,,
a sea battle,,,n. 海战,,,,,0,0,,,
a sea lawyer,,,鲨鱼;强词夺理的水手;斤斤计较者,,,,,0,0,,,
a sea of faces,,,人山人海,,,,,0,0,,,
a sea of fire,,,一片火海,,,,,0,0,,,
a sea of flames,,,一片火海,,,,,0,0,,,
a sea of troubles,,,无穷的烦恼,,,,,0,0,,,
a sea wolf,,,"海狼,狼鱼;海盗,潜艇",,,,,0,0,,,
a sealed book,,,"天书, 高深莫测的事物",,,,,0,0,,,
a second birth,,,再生,,,,,0,0,,,
a secondary rainbow,,,霓,,,,,0,0,,,
a sense of direction,,,辨别方向的能力,,,,,0,0,,,
a sensible change,,,显着的变化,,,,,0,0,,,
a sentence of lash,,,"鞭刑,笞刑",,,,,0,0,,,
a sequence of,,,"一个…的序列,一系列…",,,,,0,0,,,
a series of,,,"一系列..., 一批...",,,,,0,0,,,
a set of,,,"一组,一套,一副,一批,一连串",,,,,0,0,,,
a set of features,,,"容貌,五官",,,,,0,0,,,
a set of forks,,,一套餐叉,,,,,0,0,,,
a set of furniture,,,一套家具,,,,,0,0,,,
a set phrase,,,"固定短语,固定搭配,词组",,,,,0,0,,,
a shade,,,一点点,,,,,0,0,,,
a shade of,,,"些许,少许的…",,,,,0,0,,,
a shade of difference,,,"细微区别,微小区别",,,,,0,0,,,
a shadow cabinet,,,影子内阁,,,,,0,0,,,
a sham battle,,,n. 军事演习,,,,,0,0,,,
a sham fight,,,"模拟战斗,军事演习",,,,,0,0,,,
a share,,,[经] A种股票,,,,,0,0,,,
a sharp angle,,,n. 锐角,,,,,0,0,,,
a sheer fraud,,,彻头彻尾的骗局,,,,,0,0,,,
a sheet in the wind,,,"略有醉意,微醉",,,,,0,0,,,
a sheet of,,,"一片,一块,一张,一层",,,,,0,0,,,
a shipyard,,,"造船厂, 造般所",,,,,0,0,,,
a shopping list,,,购物单,,,,,0,0,,,
a short cut,,,"近路, 捷径",,,,,0,0,,,
a short shrift,,,"临终忏悔, 临死前的短暂时间",,,,,0,0,,,
a short time,,,一会儿,,,,,0,0,,,
a short while ago,,,方才,,,,,0,0,,,
a shot,,,射击\n开枪\n子弹\n射击手,,,,,0,0,,,
a shot in the arm,,,"兴奋剂,刺激因素",,,,,0,0,,,
a shot in the dark,,,"放黑枪;胡乱的猜测,瞎猜",,,,,0,0,,,
a shot in the locker,,,"备用金, 最后的办法, 最后一颗炮弹",,,,,0,0,,,
a shotgun marriage,,,"怀孕所迫的结婚, 强迫的结合",,,,,0,0,,,
a shoulder to cry on,,,患难时可以依赖的人或安慰,,,,,0,0,,,
a shower of stones,,,雨点般的石头,,,,,0,0,,,
a shy fish,,,"腼腆者,羞羞答答的家伙",,,,,0,0,,,
a sick market,,,萧条的市场,,,,,0,0,,,
a sidereal year,,,恒星年,,,,,0,0,,,
a sight for sore eyes,,,"悦目的景象,令人心旷神怡的景象,受欢迎的人,稀客",,,,,0,0,,,
a sight for the gods,,,"不寻常的东西, 惊人的场面",,,,,0,0,,,
a sightseeing,,,观光旅行,,,,,0,0,,,
a sign manual,,,"亲笔签名,手势",,,,,0,0,,,
a signal of distress,,,遇难信号,,,,,0,0,,,
a silver doctor,,,钓鱼用的假饵,,,,,0,0,,,
a silver tongue,,,流利的口才,,,,,0,0,,,
a simple diet,,,n. 粗茶淡饭,,,,,0,0,,,
a single,,,n. 单一\n[网络] 单可；单一的；单人间吗,,,,,0,0,,,
a single combat,,,n. 两人决斗,,,,,0,0,,,
a single woman,,,"n. 单身女子,老处女",,,,,0,0,,,
a sitting duck,,,易捕获的猎物,,,,,0,0,,,
a sixty-four dollar question,,,"最重要的问题, 最后也是最难的问题",,,,,0,0,,,
a skeleton at the feast,,,令人扫兴的事或人,,,,,0,0,,,
a skeleton in the closet,,,家丑,,,,,0,0,,,
a skeleton in the cupboard,,,家丑,,,,,0,0,,,
a skull and crossbones,,,n. 骷髅旗,,,,,0,0,,,
a slanging match,,,谩骂,,,,,0,0,,,
a slant of wind,,,n. 一阵顺风,,,,,0,0,,,
a slap in the face,,,"耳光, 突然的责备",,,,,0,0,,,
a slap on the back,,,"鼓励,促进,赞扬",,,,,0,0,,,
a slap on the wrist,,,轻微的处罚,,,,,0,0,,,
a slap-bang shop,,,小饭店,,,,,0,0,,,
a sleight of hand,,,"戏法, 魔术, 花招, 熟练的手法",,,,,0,0,,,
a slice of,,,"一片,一小块,一部分",,,,,0,0,,,
a slice of ham,,,一片火腿肉,,,,,0,0,,,
a slice of luck,,,一桩好运气,,,,,0,0,,,
a slip of a boy,,,瘦长的年轻男子,,,,,0,0,,,
a slip of a girl,,,瘦长的姑娘,,,,,0,0,,,
a slip of memory,,,"一时忘记,记错",,,,,0,0,,,
a slip of the lip,,,"口误,失言",,,,,0,0,,,
a slip of the pen,,,笔误,,,,,0,0,,,
a slip of the tongue,,,"失言, 口误",,,,,0,0,,,
a sly dog,,,"暗中偷欢的人, 偷鸡摸狗的人",,,,,0,0,,,
a smack in the eye,,,"一记耳光,突如其来的打击",,,,,0,0,,,
a small number of,,,少量的...,,,,,0,0,,,
a small proportion of,,,小部分...,,,,,0,0,,,
a smart few,,,"相当多,不少",,,,,0,0,,,
a smart guy,,,精明的家伙,,,,,0,0,,,
a smash hit,,,"巨大的成功,轰动",,,,,0,0,,,
a smooth article,,,圆滑的人,,,,,0,0,,,
a smooth face,,,"没胡子的脸, 一副讨好的面孔",,,,,0,0,,,
a snake,,,n. (Asnake)人名；(埃塞)阿斯纳克,,,,,0,0,,,
a snake in sb.'s bosom,,,对某人恩将仇报的人,,,,,0,0,,,
a snake in the bosom,,,"恩将仇报的家伙,忘恩负义者,养虎遗患",,,,,0,0,,,
a snake in the grass,,,潜伏的危险,,,,,0,0,,,
a solar year,,,太阳年,,,,,0,0,,,
a soldier of fortune,,,兵痞,,,,,0,0,,,
a soldier's battle,,,勇气和力量的较量,,,,,0,0,,,
a son of Adam,,,"男人, 男孩",,,,,0,0,,,
a son of Bacchus,,,酒鬼,,,,,0,0,,,
a son of dripping,,,厨子,,,,,0,0,,,
a son of ebony,,,黑人,,,,,0,0,,,
a son of Momus,,,滑稽的人,,,,,0,0,,,
a son of the morning,,,n. 趁早赶路的人,,,,,0,0,,,
a son of the soil,,,"本地人, 农民",,,,,0,0,,,
a song and dance,,,"歌舞表演, 遁词, 废话",,,,,0,0,,,
a song hit,,,流行歌曲,,,,,0,0,,,
a sop in the pan,,,油煎面包,,,,,0,0,,,
a sore point,,,"痛处,隐衷;要害",,,,,0,0,,,
a sore spot,,,"痛处,隐衷;要害",,,,,0,0,,,
a sorry sight,,,"难看的样子,悲惨的景象",,,,,0,0,,,
a sort of,,,"一种,某种,勉强称得上的…",,,,,0,0,,,
a soul radio station,,,黑人广播电台,,,,,0,0,,,
a sound mind in a sound body,,,n. 有健康的身体才有健康的精神,,,,,0,0,,,
a sounding balloon,,,探测气球,,,,,0,0,,,
a span of,,,一段…,,,,,0,0,,,
a spark of,,,"一点儿,丝毫",,,,,0,0,,,
a spark of interest,,,一点点兴趣,,,,,0,0,,,
a speaking acquaintance,,,n. 见面聊几句的朋友,,,,,0,0,,,
a special administrative area,,,n. 专区,,,,,0,0,,,
a species of,,,"一种,一类",,,,,0,0,,,
a speech disorder,,,语言障碍,,,,,0,0,,,
a spent bullet,,,强弩之末,,,,,0,0,,,
a spiral stair,,,螺旋式楼梯,,,,,0,0,,,
a split second,,,"一剎那,一瞬间,顷刻,片刻",,,,,0,0,,,
a spot of,,,a. 少量的,,,,,0,0,,,
a spring chicken,,,"没有经验的年轻人,黄毛丫头",,,,,0,0,,,
a spy glass,,,小型望远镜,,,,,0,0,,,
a square deal,,,公平的对待,,,,,0,0,,,
a square meal,,,充足的饭菜,,,,,0,0,,,
a square yard,,,一平方码,,,,,0,0,,,
a stab in the back,,,"诽谤, 伤人暗箭",,,,,0,0,,,
a stack of bones,,,"骨瘦如柴的人,瘦骨嶙峋的马",,,,,0,0,,,
a stack of people,,,一大群人,,,,,0,0,,,
a staff lecture,,,"职工讲座,为职工开设的课程",,,,,0,0,,,
a staff member,,,一个职员,,,,,0,0,,,
a staff of domestic,,,一群仆人,,,,,0,0,,,
a stage,,,[机] A阶树脂,,,,,0,0,,,
a stage pose,,,"舞台姿势,亮相",,,,,0,0,,,
a stamp mill,,,捣碎机,,,,,0,0,,,
a stand of colors,,,军旗,,,,,0,0,,,
a standing army,,,n. 常备军,,,,,0,0,,,
a standing joke,,,"笑柄, 总被嘲笑",,,,,0,0,,,
a startling find,,,惊人的发现,,,,,0,0,,,
a state banquet,,,国宴,,,,,0,0,,,
a state of disorder,,,混乱状态,,,,,0,0,,,
a state of siege,,,戒严状态,,,,,0,0,,,
a steal mill,,,轧钢厂,,,,,0,0,,,
a step forward,,,前进一步,,,,,0,0,,,
a stiff neck,,,固执,,,,,0,0,,,
a stock joke,,,陈腐的笑话,,,,,0,0,,,
a stock of,,,"储存的,一批",,,,,0,0,,,
a stony gaze,,,冷眼凝视,,,,,0,0,,,
a stool of repentance,,,悔罪席,,,,,0,0,,,
a stool pigeon,,,"能够把别的鸽带回家的鸽子;诱骗者;密探,奸细,眼线",,,,,0,0,,,
a storage dam,,,蓄水闸,,,,,0,0,,,
a store keeper,,,店主,,,,,0,0,,,
a store of goods,,,许多货物,,,,,0,0,,,
a store of preserves,,,大量的蜜饯,,,,,0,0,,,
a storm in a teacup,,,"小题大作, 大惊小怪",,,,,0,0,,,
a storm of,,,"暴风雨般的,勐烈的一阵",,,,,0,0,,,
a storm of anger,,,"一阵狂怒,怒气冲冲",,,,,0,0,,,
a story interview,,,新闻採访,,,,,0,0,,,
a straight angle,,,n. 平角,,,,,0,0,,,
a straight eye,,,能看出某物是否直的眼力,,,,,0,0,,,
a straight fight,,,一对一的竞选,,,,,0,0,,,
a straight race,,,全力以赴的竞赛,,,,,0,0,,,
a strain of,,,"一点点,有点,些许…",,,,,0,0,,,
a strange particle,,,奇异粒子,,,,,0,0,,,
a straw boss,,,n. 工头助手,,,,,0,0,,,
a straw in the wind,,,"蹟象,苗头,先兆,预兆",,,,,0,0,,,
a straw poll,,,"民意测验,假投票,非正式投票",,,,,0,0,,,
a streak of,,,"一道,一条,一系列,一点点,些许…",,,,,0,0,,,
a streak of bad luck,,,一连串厄运,,,,,0,0,,,
a streak of lightning,,,一道闪电,,,,,0,0,,,
a stream of,,,一连串的...,,,,,0,0,,,
a street battle,,,n. 巷战,,,,,0,0,,,
a string of,ə striŋ ɔv,,n. 一串的，一系列，一批; 一连串,,,,,0,0,,,
a string to it,,,附带条件,,,,,0,0,,,
a strip of,,,"一条,狭长的一块",,,,,0,0,,,
a stroke above,,,"比…高明一些,胜人一筹",,,,,0,0,,,
A student,,,一位学生,,,,,0,0,,,
a stuffed shirt,,,"自命不凡者,自负而又无能的人,华而不实的家伙",,,,,0,0,,,
a stumbling block,,,n. 绊脚石,,,,,0,0,,,
a subject bibliography,,,按学科分类的参考书目,,,,,0,0,,,
a submillimeter wave,,,[无]亚毫米波,,,,,0,0,,,
a succession of,,,"一系列,一连串,接连不断的",,,,,0,0,,,
a sudden eruption of anger,,,勃然大怒,,,,,0,0,,,
a suit of,,,"一套,一副",,,,,0,0,,,
a suite of apartment,,,一套公寓,,,,,0,0,,,
a summer residence,,,避暑别墅,,,,,0,0,,,
a summer retreat,,,避暑山庄,,,,,0,0,,,
a supply,,,[电] A电源,,,,,0,0,,,
a supplymentary angle,,,n. 补角,,,,,0,0,,,
a sure find,,,"必定能找到的猎物藏身处,必定能找到的人或物",,,,,0,0,,,
a sure warrant of success,,,成功的可靠保证,,,,,0,0,,,
a surge of,,,"汹涌澎湃的,高涨的",,,,,0,0,,,
a surging crowd,,,"蜂拥的人群,潮水般的人群",,,,,0,0,,,
a surprise packet,,,"内容出人意料的小包;意想不到的事情,惊喜",,,,,0,0,,,
a swarm of,,,"一大群,蜂拥而至的",,,,,0,0,,,
a swell at tennis,,,网球好手,,,,,0,0,,,
a swell cat,,,好家伙,,,,,0,0,,,
a swelled head,,,"骄傲,忘乎所以",,,,,0,0,,,
a swing around the circle,,,发表政见的巡回旅行,,,,,0,0,,,
a swollen opinion of,,,"自视过高, 自高自大",,,,,0,0,,,
a tad,,,一点点,,,,,0,0,,,
a tale of a tub,,,无稽之谈,,,,,0,0,,,
a tank for swimming,,,游泳池,,,,,0,0,,,
a tea fight,,,茶话会,,,,,0,0,,,
a tea hound,,,"爱交际的男人,女人气的男人;吸毒成瘾的人",,,,,0,0,,,
a team of,,,"一队,一组…",,,,,0,0,,,
a telegraph blank,,,电报稿纸,,,,,0,0,,,
a television mast,,,"电视天线,电视塔",,,,,0,0,,,
a tempest in a barrel,,,小题大作,,,,,0,0,,,
a tempest in a teapot,,,"小题大作,大惊小怪,轩然大波",,,,,0,0,,,
a tempest of applause,,,暴风雨般的掌声,,,,,0,0,,,
a tempo,ɑ: ˈtempəʊ,, （音乐术语）回原速,,,,,0,0,,,
a tender spot,,,痛处,,,,,0,0,,,
a tennis lawn,,,网球场,,,,,0,0,,,
a tergo,ɑ:'tεəɡəu,," 从背后；在背后, 在后面",,,,,0,0,,,
a thick growth of bushes,,,浓密的灌丛,,,,,0,0,,,
a thing of naught,,,毫无价值的东西,,,,,0,0,,,
a thing of the past,,,"过时的事物,历史",,,,,0,0,,,
a thing of yesterday,,,"最近的事, 最近的东西",,,,,0,0,,,
a thorn in sb.'s flesh,,,"眼中钉, 肉中刺",,,,,0,0,,,
a thorn in the flesh,,,"肉中刺,眼中钉;使某人苦恼的事情",,,,,0,0,,,
a thought,,,"稍许, 一点点, 少量",,,,,0,0,,,
a thousand and one,,,"一千零一, 许许多多",,,,,0,0,,,
a thousand times easier than,,,比...容易千万倍,,,,,0,0,,,
a thousand to one,,,"千对一, 几乎绝对的",,,,,0,0,,,
a thread of hope,,,一线希望,,,,,0,0,,,
a throb of pain,,,一阵痛苦,,,,,0,0,,,
a tidal wave of crime,,,犯罪率高涨,,,,,0,0,,,
a tie vote,,,相等的票数,,,,,0,0,,,
a tight match,,,势均力敌的比赛,,,,,0,0,,,
a time bill,,,"时间表,时刻表",,,,,0,0,,,
a tin god,,,"受到过分尊敬的人,自命不凡者",,,,,0,0,,,
a tip of the iceberg,,,冰山露出水面的小尖顶;小中见大的征兆,,,,,0,0,,,
a toad under a hammer,,,经常受压迫的人,,,,,0,0,,,
a tongue not understanded of the people,,,n. 外国话,,,,,0,0,,,
a tool shed,,,"工具棚,工具房",,,,,0,0,,,
a total,,,n. 总数为,,,,,0,0,,,
a total of,,,"总计为,总共…",,,,,0,0,,,
a touch,ə tʌtʃ,," 略微, 稍许",,,,,0,0,,,
a tough guy,,,硬汉,,,,,0,0,,,
a tough nut,,,"大胆果断的人, 暴躁的人",,,,,0,0,,,
a tough nut to crack,,,"棘手的问题,难以对付的人",,,,,0,0,,,
a tour of duty,,,"值班, 值日勤务",,,,,0,0,,,
a tower of strength,,,中流砥柱,,,,,0,0,,,
a trace,,,[电] A扫描轨迹,,,,,0,0,,,
a train of,,,一连串,,,,,0,0,,,
a transformaton,,,"[机] 变换, 变态",,,,,0,0,,,
a treat,,,犒劳\n款待,,,,,0,0,,,
a trial lawyer,,,辩护律师,,,,,0,0,,,
a trifle,,,"有点儿, 稍微",,,,,0,0,,,
a Triton of the minnows,,,鹤立鸡群者,,,,,0,0,,,
a troop of,,,"一群,许多",,,,,0,0,,,
a tropical year,,,回归年,,,,,0,0,,,
a truce to,,,别再...了,,,,,0,0,,,
a true blue,,,忠实成员,,,,,0,0,,,
a tungsten blues,,,[机] 钨蓝,,,,,0,0,,,
a twice-told tale,,,尽人皆知的事,,,,,0,0,,,
a twist in one's tongue,,,口齿不清,,,,,0,0,,,
a twist of the wrist,,,熟练的技巧,,,,,0,0,,,
a type graphite,,,[机] A型石墨,,,,,0,0,,,
a type graphtie,,,[机] A型石墨,,,,,0,0,,,
a type of,,,"一种,一类",,,,,0,0,,,
a union by treaty,,,由条约缔结的联盟,,,,,0,0,,,
a US postal zone,,,美国邮区,,,,,0,0,,,
a used car,,,"旧汽车,报废的汽车",,,,,0,0,,,
a vacillating person,,,三心二意的人,,,,,0,0,,,
a variety,,,种种,,,,,0,0,,,
a variety of,,,"各种各样的..., 种种...",,,,,0,0,,,
A vary from B in...,,,"甲与乙在...方面不同, 甲与乙的不同点就在于...",,,,,0,0,,,
a vegetable salad,,,生菜沙拉,,,,,0,0,,,
a veil of silence,,,一片寂静,,,,,0,0,,,
a vein of coal,,,煤层,,,,,0,0,,,
a velvet glove,,,表面温和的东西,,,,,0,0,,,
a velvet paw,,,"肉爪(猫的), 笑里藏刀",,,,,0,0,,,
a very knave,,,十足的恶棍,,,,,0,0,,,
a vicious circle,,,"n. 恶性循环,循环论证",,,,,0,0,,,
a vicious spiral,,,n. 恶性循环,,,,,0,0,,,
a victim of disease,,,"病人,患者",,,,,0,0,,,
a visit for the stork,,,n. 婴儿的诞生,,,,,0,0,,,
a visit from the stork,,,婴儿的诞生,,,,,0,0,,,
a voice in the wilderness,,,"荒野里的叫声, 无人理睬的改革主张",,,,,0,0,,,
a voice of great volume,,,音量宏大的嗓音,,,,,0,0,,,
a wad of bills,,,一叠钞票,,,,,0,0,,,
a walking dictionary,,,活字典,,,,,0,0,,,
a walking library,,,"活字典,知识渊博的人",,,,,0,0,,,
a walking skeleton,,,骨瘦如柴的人,,,,,0,0,,,
a war of nerves,,,神经战,,,,,0,0,,,
a war to the knife,,,"白刃战,生死搏斗,你死我活的斗争",,,,,0,0,,,
a war whoop,,,"战斗吶喊,战争叫嚣",,,,,0,0,,,
a war zone,,,战区,,,,,0,0,,,
a warm corner,,,激战地区,,,,,0,0,,,
a warm welcome,,,热烈的欢迎,,,,,0,0,,,
a warrant for arrest,,,"逮捕证,拘票",,,,,0,0,,,
a waste of waters,,,一片汪洋,,,,,0,0,,,
a watch dog,,,"看家狗,看门狗",,,,,0,0,,,
A watched pot never boils,,,心急水不开,,,,,0,0,,,
a wave of,,,"蜂拥而至的,拥挤的一批",,,,,0,0,,,
a wave of the hand,,,挥手,,,,,0,0,,,
a wealth of,,,"丰富的,大量的…",,,,,0,0,,,
a wealth of experience,,,丰富的经验,,,,,0,0,,,
a week later,,,一星期后,,,,,0,0,,,
a week of Sundays,,,"很长的时间, 很久",,,,,0,0,,,
a welcome mat,,,门前的擦鞋垫,,,,,0,0,,,
a wet blanket,,,令人扫兴的人(或物),,,,,0,0,,,
a wet hen,,,"讨厌的人, 泼妇",,,,,0,0,,,
a wet smack,,,讨厌的人,,,,,0,0,,,
a whale at,,,"善于...的人, 热心于...的人",,,,,0,0,,,
a whale for,,,"善于...的人, 热心于...的人",,,,,0,0,,,
a whale of a...,,,"极大的, 极好的, 了不起的",,,,,0,0,,,
a whale on,,,"善于...的人, 热心于...的人",,,,,0,0,,,
a while,,,一会儿,,,,,0,0,,,
a whirl of dust,,,尘土飞扬,,,,,0,0,,,
a whirl of social engagements,,,一连串的社交活动,,,,,0,0,,,
a whirlpool of emotion,,,百感交集,,,,,0,0,,,
a whisper of trees,,,树叶的沙沙声,,,,,0,0,,,
a white bait,,,银鱼,,,,,0,0,,,
a white crow,,,罕见的东西,,,,,0,0,,,
a white elephant,,,"沉重的负担, 无用的累赘东西",,,,,0,0,,,
a white lie,,,无恶意的谎话,,,,,0,0,,,
a white night,,,"白夜, 失眠的夜晚",,,,,0,0,,,
a whited sepulchre,,,"伪君子, 伪善者",,,,,0,0,,,
a whole lot of,,,"很多,全部,整整一批",,,,,0,0,,,
a whole shooting match,,,"整个团体,全体群众",,,,,0,0,,,
a whole stack of,,,"一大堆,许多,大量",,,,,0,0,,,
a wholesale dealer,,,批发商,,,,,0,0,,,
a wide margin,,,大幅度地;留有很大的余地,,,,,0,0,,,
a wide place in the road,,,n. 小城镇,,,,,0,0,,,
a wide range of,,,"范围广泛的,一连串的,变化幅度大的,参差不平",,,,,0,0,,,
a wide selection of,,,种类齐全的…,,,,,0,0,,,
a widow's mite,,,少而可贵的捐献,,,,,0,0,,,
a wild goose chase,,,n. 徒劳的举动,,,,,0,0,,,
a wild-goose chase,,,"徒劳的搜索, 无益的举动",,,,,0,0,,,
a window on the world,,,世界之窗,,,,,0,0,,,
a wolf in sheep's clothing,,,披着羊皮的狼,,,,,0,0,,,
a woman of bad fame,,,"声名狼籍的女人,妓女",,,,,0,0,,,
a woman of letters,,,女作家,,,,,0,0,,,
a woman of the streets,,,妓女,,,,,0,0,,,
a woman of the world,,,世故的女人,,,,,0,0,,,
a woman with a past,,,有一段不光彩历史的女人,,,,,0,0,,,
a wonderful time,,,n. 一段美好时光,,,,,0,0,,,
a word and a blow,,,一言不合就动手,,,,,0,0,,,
a word in season,,,"合时宜的话, 受欢迎的话",,,,,0,0,,,
A word in your ear,,,附耳过来说句私房话,,,,,0,0,,,
a word out of season,,,"不合时宜的话, 不受欢迎的话",,,,,0,0,,,
a world of,,,"很多,大量",,,,,0,0,,,
a yang ko troup,,,秧歌队,,,,,0,0,,,
a yard of clay,,,陶制长烟管,,,,,0,0,,,
a yawning chasm,,,裂着大口的陷窟,,,,,0,0,,,
a yawning hole,,,豁开的洞,,,,,0,0,,,
a year and a day,,,"满一年, 一整年",,,,,0,0,,,
a year of abundance,,,"丰收之年,丰年",,,,,0,0,,,
a yeast taste,,,酵母味,,,,,0,0,,,
a yellow dog,,,杂种狗;卑鄙的家伙;胆小鬼,,,,,0,0,,,
a yellow-dog contract,,,以受雇工人不加入工会为条件的雇用契约,,,,,0,0,,,
a yen for travel,,,旅行的渴望,,,,,0,0,,,
a yet easier task,,,更容易的工作,,,,,0,0,,,
a yet more difficult task,,,更困难的工作,,,,,0,0,,,
a yet unfinished task,,,尚未完成的任务,,,,,0,0,,,
a yet worse mistake,,,更为严重的错误,,,,,0,0,,,
a young animal,,,幼小的动物,,,,,0,0,,,
a young child,,,幼童,,,,,0,0,,,
a young country,,,新兴的国家,,,,,0,0,,,
a young family,,,幼小子女,,,,,0,0,,,
a young man,,,青年男子,,,,,0,0,,,
a young man in a hurry,,,n. 急躁的改革者,,,,,0,0,,,
a young manner,,,青春焕发的神态,,,,,0,0,,,
a young person,,,年轻人,,,,,0,0,,,
a young state,,,年轻的国家,,,,,0,0,,,
a young tree,,,幼小的树,,,,,0,0,,,
a youthful cadre,,,年轻的干部,,,,,0,0,,,
a youthful river,,,幼年河,,,,,0,0,,,
a zero-zero fog,,,能见度等于零的浓雾,,,,,0,0,,,
a zigzag path,,,"蜿蜒的小径, (弯曲的)羊肠小道",,,,,0,0,,,
a zone in depth,,,纵深地带,,,,,0,0,,,
a zone of communication,,,战区后勤地带,,,,,0,0,,,
a zone of fire,,,射界,,,,,0,0,,,
a zone of influence,,,势力范围,,,,,0,0,,,
a zoological garden,,,动物园,,,,,0,0,,,
a zoomorphic deity,,,动物形的神,,,,,0,0,,,
a'-dipyridyl a,,,"[医] α,α'-双吡啶",,,,,0,0,,,
A'man,,,[网络] 一个男人；一个人；男子,,,,,0,0,,,
a-,," A, as a prefix to English words, is derived from various sources.\n   (1) It frequently signifies on or in (from an, a forms of AS. on),\n   denoting a state, as in afoot, on foot, abed, amiss, asleep, aground,\n   aloft, away (AS. onweg), and analogically, ablaze, atremble, etc. (2)\n   AS. of off, from, as in adown (AS. ofd/ne off the dun or hill). (3) AS.\n   a- (Goth. us-, ur-, Ger. er-), usually giving an intensive force, and\n   sometimes the sense of away, on, back, as in arise, abide, ago. (4) Old\n   English y- or i- (corrupted from the AS. inseparable particle ge-,\n   cognate with OHG. ga-, gi-, Goth. ga-), which, as a prefix, made no\n   essential addition to the meaning, as in aware. (5) French a (L. ad\n   to), as in abase, achieve. (6) L. a, ab, abs, from, as in avert. (7)\n   Greek insep. prefix / without, or privative, not, as in abyss, atheist;\n   akin to E. un-.","pref. 不, 缺少, 无\n[医] 不, 无, 缺; 离",,,,,0,0,,,
a-10s,,,【航空学】(美国)全天候低空飞行攻击机,,,,,0,0,,,
A-139,,,"[医] 癌抑散, 双乙烯亚胺苯醌, 亚胺醌, A一三九(抗肿瘤药)",,,,,0,0,,,
a-6s,,,＝intruder,,,,,0,0,,,
a-aaaa,,,n. 五星级,,,,,0,0,,,
a-arm,,,n. A形摆臂,,,,,0,0,,,
a-b box,,,"[计] 切换箱, 多路切换箱",,,,,0,0,,,
a-b power pack,,,[电] 甲乙电源,,,,,0,0,,,
a-b test a-b,,,[电] 测试,,,,,0,0,,,
a-b toll system,,,"[电] 甲乙长途制, A-B长途制",,,,,0,0,,,
a-b toll trunk,,,"[电] 甲乙长途中继线, AB长途中断线制",,,,,0,0,,,
a-b-c,",eɪ bi: 'si:",,n. 基础知识；字母表\nabbr. 美国广播公司（American Broadcasting Company）；澳大利亚广播公司（Australian Broadcasting Corporation）；出生在美国的华人（American - born Chinese）,,,,,0,0,,,
a-ba,ɑ:'bɑ:,,abbr. 美国银行家协会（American Bankers Association）\nn. (Aba)人名；(意、罗、埃塞、塞内、赤几)阿巴；(匈)奥鲍；(西)阿瓦,,,,,0,0,,,
a-battery,,,[电] 甲电池,,,,,0,0,,,
a-be,eib,,n. 亚伯（男子名，等于Abraham）,,,,,0,0,,,
a-block,,,滑车拉到头,,,,,0,0,,,
A-bomb,'eibɔm,n a nuclear weapon in which enormous energy is released by nuclear fission (splitting the nuclei of a heavy element like uranium 235 or plutonium 239),n. 原子弹\nvt. 用原子弹轰炸,,,,,0,0,s:a-bombs,,
A-bombs,"'ei,bɔm",n. a nuclear weapon in which enormous energy is released by nuclear fission (splitting the nuclei of a heavy element like uranium 235 or plutonium 239),"n. [美国英语]；原子弹 (＝atomic bomb)\nvt. 用原子弹轰击(或轰炸, 毁灭)",,,,,0,0,0:a-bomb/1:s,,
a-c,,,[化] 交流; 交变电流,,,,,0,0,,,
a-c bias,,,[电] 交流偏压,,,,,0,0,,,
a-c bridge,,,[电] 交流式电桥,,,,,0,0,,,
a-c cemponent of plate current,,,[电] 屏极电流交流成份,,,,,0,0,,,
a-c circuit,,,[电] 交流电路,,,,,0,0,,,
a-c circuit breaker,,,[电] 交流断路器,,,,,0,0,,,
a-c coupling,,,[电] 交流耦合,,,,,0,0,,,
a-c cycle,,,[电] 交流频率,,,,,0,0,,,
a-c d-c receiver,,,[电] 交直流接收器,,,,,0,0,,,
a-c directional overcurrent relay,,,[电] 交流方向性超流断电器,,,,,0,0,,,
a-c dump,,,[电] 交流倾销,,,,,0,0,,,
a-c dynamo,,,[电] 交流电机,,,,,0,0,,,
a-c erasing head,,,[电] 交流抹擦头,,,,,0,0,,,
a-c generator,,,[电] 交流发电机,,,,,0,0,,,
a-c hum,,,[电] 交流声,,,,,0,0,,,
a-c imrt-arc welder,,,[电] 交流定弧熔接器,,,,,0,0,,,
a-c machive,,,[电] 交流电机,,,,,0,0,,,
a-c magnetic biasing,,,[电] 交流磁偏,,,,,0,0,,,
a-c motor,,,[电] 交流电动机,,,,,0,0,,,
a-c noise,,,[电] 交流杂音,,,,,0,0,,,
a-c noise immunity,,,[电] 交流杂音免除,,,,,0,0,,,
a-c phase meter,,,[电] 交流相位计,,,,,0,0,,,
a-c plate resistance,,,[电] 交流屏极电阻,,,,,0,0,,,
a-c positioning,,,[电] 交流定倍,,,,,0,0,,,
a-c power,,,[电] 交流电力,,,,,0,0,,,
a-c power supply,,,[电] 交流功率供应,,,,,0,0,,,
a-c receiver,,,[电] 交流接收机,,,,,0,0,,,
a-c reclosing relay,,,[电] 交流复闭断电器,,,,,0,0,,,
a-c relay,,,[电] 交流电中继站,,,,,0,0,,,
a-c resistance,,,[电] 交流电阻,,,,,0,0,,,
a-c source,,,[电] 交流电源,,,,,0,0,,,
a-c time overcurrent relay,,,[电] 交流时间超流继电器,,,,,0,0,,,
a-c transducer,,,[电] 交流转换器,,,,,0,0,,,
a-c transformer,,,[电] 交流变压器,,,,,0,0,,,
a-c transmission,,,[电] 交流输电,,,,,0,0,,,
a-c tube,,,[电] 交流管,,,,,0,0,,,
a-c.,,,"[医] 耳颈动脉的, 房颈动脉的",,,,,0,0,,,
a-car,,,n. (Acar)人名；(土)阿贾尔；(阿拉伯、罗、法)阿卡尔,,,,,0,0,,,
a-ch,,,abbr. 自动化交易所（Automated Clearing House）\nn. (Ach)人名；(柬)阿；(德)阿赫,,,,,0,0,,,
a-class,,,头等\n甲级,,,,,0,0,,,
a-come,,,n. (Acome)人名；(法)阿科姆,,,,,0,0,i:a-coming,,
a-coming,,-ing form of a-come,(a-come 的现在分词) n. (Acome)人名；(法)阿科姆,,,,,0,0,0:a-come/1:i,,
a-couple,,,一对夫妇；夫妻俩,,,,,0,0,p:a-coupled,,
a-coupled,,past tense of a-couple,(a-couple 的过去时) 一对夫妇；夫妻俩,,,,,0,0,0:a-couple/1:p,,
a-cup,,,abbr. 针术（acupuncture）,,,,,0,0,s:a-cups,,
a-cups,,plural of a-cup,(a-cup 的复数) abbr. 针术（acupuncture）,,,,,0,0,0:a-cup/1:s,,
a-d,",ei 'di:",,n. 公元,,,,,0,0,,,
a-d converter,,,[电] ad转变器,,,,,0,0,,,
A-denopterin,,,[化] 4-氨基二甲叶酸,,,,,0,0,,,
a-display,,,[电] A-显示法,,,,,0,0,,,
a-e-a,,,abbr. 原子能法（Atomic Energy Authority）；演员协会（Actors ' Equity Association）；美国经济协会（American Economic Association）；成人教育协会（Adult Education Association）；美国教育协会（American Education Association）,,,,,0,0,,,
a-f,æf,,abbr. 视频，音频（audio frequency）；空军（Air Force）；法国航空公司（Air France）\nn. (Af)人名；(瑞典)阿夫,,,,,0,0,,,
A-face centered lattice,,,[化] A心点格,,,,,0,0,,,
a-feared,ə'fiəd,,adj. 受惊的，恐惧的\nv. 恐惧（afear的过去分词）,,,,,0,0,,,
a-fib,,,abbr. 心房纤颤（atrial fibrillation）,,,,,0,0,,,
a-flat,,,n. (Aflat)人名；(罗)阿弗拉特,,,,,0,0,,,
a-flutter,ə'flʌtə,,a. 飘扬的；激动的\nadv. 飘扬,,,,,0,0,i:a-fluttering,,
a-fluttering,,-ing form of a-flutter,(a-flutter 的现在分词) adj. 飘扬的；激动的\nadv. 飘扬,,,,,0,0,0:a-flutter/1:i,,
a-flying,,,[网络] 一飞,,,,,0,0,,,
a-frame,"'ei,freim",,[机] A型架,,,,,0,0,s:a-frames,,
a-frames,,plural of a-frame,(a-frame 的复数) [机] A型架,,,,,0,0,0:a-frame/1:s,,
A-G ratio,,,[医] 白蛋白球蛋白比率,,,,,0,0,,,
a-ga,'ɑːgə,,n. 将军；大官；宗教领袖\nn. (Aga)人名；(阿拉伯、伊朗、阿塞、土库、巴基)阿迦；(法、意、罗)阿加,,,,,0,0,,,
a-game,,,一次博弈,,,,,0,0,,,
a-gley,ə'gleɪ; ə'gliː,,adv. 斜斜地；弯曲地,,,,,0,0,,,
a-go,ə'gəʊ,,"adv. 以前, 以往\na. 以前的；过去的\nn. (Ago)人名；(英、西、意、塞、瑞典)阿戈",,,,,0,0,i:a-going,,
a-go-go,ə'gəugəu,,a. 活泼的；精力充沛的,,,,,0,0,,,
a-going,,-ing form of a-go,"(a-go 的现在分词) adv. 以前, 以往\na. 以前的；过去的\nn. (Ago)人名；(英、西、意、塞、瑞典)阿戈",,,,,0,0,0:a-go/1:i,,
a-grade,,,甲级,,,,,0,0,s:a-grades,,
a-grades,,plural of a-grade,(a-grade 的复数) 甲级,,,,,0,0,0:a-grade/1:s,,
a-growing,,,[网络] 增长,,,,,0,0,,,
a-half,,,一半,,,,,0,0,,,
a-historical,",eihis'tɔrik,-kəl",,adj. 与历史无关的,,,,,0,0,,,
a-hole,,,屁眼儿\n肛门\n令人讨厌的人\n愚蠢的\n窝囊的\n可恶的,,,,,0,0,,,
A-horizon,,,n. 上层(甲层)土壤(腐植土)\n[网络] A层位；淋溶层；表土层,,,,,0,0,,,
a-l,ɑ:l,,abbr. 美国联盟（American League）；美国军团（American Legion）；阿尔巴尼亚（Albania，欧洲一国家名）；美国亚拉巴马州（Alabama）\nn. (Al)人名；(英)阿尔(Albert 在美国的昵称),,,,,0,0,,,
a-law,,,[电] A法则,,,,,0,0,,,
a-level,,," <英>英语学校里某一课程结束时举行的高深考试, 高深级考试及格",,,,,0,0,s:a-levels/d:a-levelled,,
a-levelled,,past participle of a-level,"(a-level 的过去分词)  <英>英语学校里某一课程结束时举行的高深考试, 高深级考试及格",,,,,0,0,0:a-level/1:d,,
a-levels,,plural of a-level,"(a-level 的复数)  <英>英语学校里某一课程结束时举行的高深考试, 高深级考试及格",,,,,0,0,0:a-level/1:s,,
A-line,,n. women's clothing that has a fitted top and a flared skirt that is widest at the hemline,呈 A 字型的,,,,,0,0,,,
a-lines,,,呈 A 字型的,,,,,0,0,,,
a-list,,n. a list of names of specially favored people," (very best) 最好的, 最优秀的, 最酷的",,,,,0,0,d:a-listed,,
a-listed,,past participle of a-list,"(a-list 的过去分词)  (very best) 最好的, 最优秀的, 最酷的",,,,,0,0,0:a-list/1:d,,
a-lister,,,一线演员\n一线明星,,,,,0,0,,,
a-listers,,,n. A-list的变形,,,,,0,0,,,
a-lp,ælp,,n. 高山\nn. (Alp)人名；(土、瑞典)阿尔普,,,,,0,0,,,
a-m,em,,abbr. 调幅\nv. 是\nn. (Am)人名；(柬)安,,,,,0,0,,,
a-m threshold,,,[电] 幅调临限,,,,,0,0,,,
a-m tuner,,,[电] 幅变调谐器,,,,,0,0,,,
a-m/f-m receiver,,,[电] 调幅/调频接收机,,,,,0,0,,,
a-m/f-m tuner,,,[电] 调幅/调频调谐器,,,,,0,0,,,
a-margin,,,[机] A边界,,,,,0,0,,,
a-men,ɑː'men; eɪ-,,int. （表示衷心赞成）阿门；（祈祷时的结尾语）阿门\nn. 祈祷的结束语；赞成\nadv. 真实地\nn. (Amen)人名；(法)阿芒；(英、罗、阿拉伯)阿门,,,,,0,0,,,
a-mi,ɑ:'mi:,,abbr. 高级材料情报（Advanced Material Information）；美国食用肉类研究所（American Meat Institute）；航空英里指示器（Air Mileage Indicator）\nn. (Ami)人名；(匈)奥米；(法、西、以、德)阿米,,,,,0,0,,,
a-n radio range a-n,,,[电] 无线电范围,,,,,0,0,,,
a-n signal a-n,,,[电] 讯号,,,,,0,0,,,
A-ninopterin,,,[化] 锑银矿,,,,,0,0,,,
a-ok,ˌeɪ əʊ ˈkeɪ,s in perfect condition or order," <美> 极好, 妙极, 完美的",,,,,0,0,,,
a-okay,'eiəu'kei,s in perfect condition or order,"[主美国口语]\na. [A(LL) OK]极妙的, 极好的, 完善的, 完美(无缺)的；一切正常(或就绪)的[一般赞许词]\nadv. 一切正常而顺当地；完美地, 极好地",,,,,0,0,,,
a-one,ˈeɪˈwʌn,s of the highest quality,"a. 第一等的, 第一流的",,,,,0,0,,,
a-p,,,abbr. 美国联合通讯社（Associated Press）；空气污染（Air Pollution）；大气规划（Air Program）；汇编程序（Assembly Program）\nn. (Ap)人名；(中)鸭(广东话·威妥玛),,,,,0,0,,,
a-p-a,,,abbr. 美国心理学协会（American Psychological Association）；预约定价安排（Advance Pricing Arrangement）\nn. (Apa)人名；(意、土、塞、印、加纳)阿帕,,,,,0,0,,,
a-particle,,,[机] A-质点,,,,,0,0,s:a-particles,,
a-particles,,plural of a-particle,(a-particle 的复数) [机] A-质点,,,,,0,0,0:a-particle/1:s,,
a-peltatin,,,[化] α-盾叶鬼臼素; α-足叶草脂素,,,,,0,0,,,
a-plenty,ə'plentɪ,,adv. 丰富地，充裕地\nadj. 丰富的；非常\nn. 丰富；大量,,,,,0,0,,,
a-plus,,,正数\n加号,,,,,0,0,,,
a-political,eɪpə'lɪtɪk(ə)l,,adj. 不关心政治的；无政治意义的,,,,,0,0,,,
a-prime,,, [医]亚甲型,,,,,0,0,,,
a-r,a:,,abbr. 应收款（Account Receivable）；验收条件（Acceptance Requirement）；陆军条例（Army Regulation）\nn. (Ar)人名；(土)阿尔,,,,,0,0,,,
a-r-n-i-e,,,n. (Arnie)人名；(英)阿尼,,,,,0,0,,,
a-rab,'ærəb,,adj. 阿拉伯的\nn. 阿拉伯人；阿拉伯马,,,,,0,0,,,
a-rain,,,n. (Arain)人名；(乌干)阿拉因,,,,,0,0,i:a-raining,,
a-raining,,-ing form of a-rain,(a-rain 的现在分词) n. (Arain)人名；(乌干)阿拉因,,,,,0,0,0:a-rain/1:i,,
A-road,'ei'rәjd,,"<英>A级公路,主车道",,1,,,0,0,,,
a-scan,,,[电] A-扫描,,,,,0,0,,,
A-scan ultrasonography,,,[网络] A超,,,,,0,0,,,
a-scope,,,[电] A-眼界,,,,,0,0,,,
a-scott,,,雅诗阁（机构名）\n阿斯科特（人名）,,,,,0,0,,,
a-series,,,一系列,,,,,0,0,,,
a-share,,,a种股票,,,,,0,0,,,
A-side,'ei'said,,n. A面（磁带等的）,,,,,0,0,,,
a-sit,,,n. (Asit)人名；(印)阿西特,,,,,0,0,i:a-sitting,,
a-sitting,,-ing form of a-sit,(a-sit 的现在分词) n. (Asit)人名；(印)阿西特,,,,,0,0,0:a-sit/1:i,,
A-stage resin,,,[化] 甲阶树脂; 甲阶酚醛树脂; 可熔(可溶)酚醛树脂; 酚醛树脂A,,,,,0,0,,,
a-star,,,A型显,,,,,0,0,,,
a-student,,,一位学生,,,,,0,0,,,
a-supply,,,[电] A-供应,,,,,0,0,,,
a-t,,,abbr. anti-tank 反坦克,,,,,0,0,,,
A-team,,n. a group of elite soldiers or a leadership group of advisors or workers in an organization,特遣队\n先遣队,,,,,0,0,,,
A-test,'ei'test,,n. 原子爆炸试验,,,,,0,0,,,
a-to-z,,,从头到尾；非常熟悉,,,,,0,0,,,
A-type steel,,,[化] 甲类钢,,,,,0,0,,,
a-v,ɑ:v; ɔ:v,,abbr. 简易型（Austere Version）；《圣经》钦定英译本（Authorized Version）；音频（audio）视频（video）的简称,,,,,0,0,,,
A-V nicking,,,[医] 动静脉局部缩窄,,,,,0,0,,,
A-V node,,,"房室结（心脏的一部分, atrioventricular node）",,,,,0,0,,,
a-way,,,心路（歌曲名）,,,,,0,0,,,
a-week,,,一周\n一星期,,,,,0,0,,,
a-wing,ə'wiŋ,,adj. 飞翔的\nadv. 飞翔地\nv. 使敬畏；使惊叹（awe的现在分词）,,,,,0,0,,,
a-x,æks,,vt. 削减；用斧修整；解雇\nn. 斧头\nn. (Ax)人名；(德、芬)阿克斯,,,,,0,0,,,
a-year,,,一年,,,,,0,0,,,
A-Z,",eitә'zed",,无所不包的,,,,,0,0,,,
A-Z test,,,[医] 阿-宋二氏试验(检孕),,,,,0,0,,,
a.,,,"[医] 调节, 适应, 安培, 阳极, 正极, 前, 水, 水剂, 动脉",,,,,0,0,,,
A. A. Michelson,,,[网络] A.迈克尔森A.,,,,,0,0,,,
A. A. Milne,,,n. 艾伦·亚历山大·米恩,,,,,0,0,,,
A. B. C. diuretic,,,[医] A.B.C.利尿剂(含乙酸钾、碳酸氢盐及尿酸盐),,,,,0,0,,,
A. B. C. method,,,[医] A.B.C.法(明矾、血、粘土沉淀清洁法),,,,,0,0,,,
a. c.,,,[医] 饭前[服],,,,,0,0,,,
A. C. D. solution,,,"[医] 抗凝枸橼酸葡萄酸溶液, A.C.D.溶液",,,,,0,0,,,
A. C. E. mixture,,,"[医] ACE合剂(酒精1.0,氯仿2.0,乙醚3.0)",,,,,0,0,,,
A. Conan Doyle,,,[网络] 道尔,,,,,0,0,,,
A. E. Burnside,,,[网络] 伯恩赛德,,,,,0,0,,,
A. E. Housman,,,[网络] 豪斯曼；英国诗人豪斯曼,,,,,0,0,,,
A. E. Kennelly,,,[网络] A. E.肯尼利,,,,,0,0,,,
A. M.,,,"[医] 米角, 公尺角, 轴近中的, 安培计",,,,,0,0,,,
A. M. A.,,,[医] 美国医学会,,,,,0,0,,,
A. Noam Chomsky,,,[网络] A.诺姆乔姆斯基,,,,,0,0,,,
A. P. L. hormone,,,"[医] [垂体]前叶样激素, 绒[毛]膜促性腺激素",,,,,0,0,,,
A. S.,,,[医] 左耳,,,,,0,0,,,
A. T. S.,,,"[医] 破伤风血清, 神经肌肉紧张状态",,,,,0,0,,,
A. testudineus,,,[网络] A.。,,,,,0,0,,,
A. U.,,,[医] 埃[斯特雷姆氏]单位,,,,,0,0,,,
A. V.,,,[医] 房室的,,,,,0,0,,,
A. W.,,,[医] 原子量,,,,,0,0,,,
a.-c. interval,,,[医] 心房颈动脉间期,,,,,0,0,,,
A.A.,,,[医] 智力成就年龄,,,,,0,0,,,
A.B.,,,[医] 原子弹,,,,,0,0,,,
A.B.C.,,,[医] 轴颊颈的,,,,,0,0,,,
A.B.C. diuretic,,,"[医] A.B.C.利尿剂(醋酸钾碳酸氢钠,枸橼酸钠的合剂)",,,,,0,0,,,
A.B.C. liniment,,,"[医] A.B.C.搽剂, 乌头颠茄氯仿搽剂",,,,,0,0,,,
A.B.G.,,,[医] 轴颊龈的,,,,,0,0,,,
A.B.L.,,,[医] 轴颊舌的,,,,,0,0,,,
A.C.,,,"[化] 交流; 交变电流\n[医] 空气传导, 交电流, 交变电流, 阳极通电, 轴颈的",,,,,0,0,,,
A.C. arc welder,,,[化] 交流电焊机,,,,,0,0,,,
A.C. arc welding,,,[化] 交流电弧焊,,,,,0,0,,,
A.C.asynchronous motor,,,[化] 交流异步电动机,,,,,0,0,,,
A.C.D.,,,[医] 绝对心浊音,,,,,0,0,,,
A.C.E. mixture,,,[医] A.C.E.合剂(醇、氯仿、醚合剂),,,,,0,0,,,
A.C.S.,,,[医] 抗网织细胞毒素血清,,,,,0,0,,,
A.D.,ænәu'dɔminai,r in the Christian era; used before dates after the supposed year Christ was born,公元\n[医] 右耳,,,,,0,0,,,
A.D.C.,,,[医] 轴远中颈的,,,,,0,0,,,
A.D.G.,,,[医] 远中龈轴的,,,,,0,0,,,
A.D.I.,,,[医] 轴远[中]切缘的,,,,,0,0,,,
A.D.O.,,,"[医] 轴远中Ж的, 轴远中咬合的",,,,,0,0,,,
A.D.P.,,,[医] 二磷酸腺甙(腺[甙]二磷),,,,,0,0,,,
A.E.,,n Irish writer whose pen name was A.E. (1867-1935),[医] 抗毒素单位,,,,,0,0,,,
A.F.C.,,,自动频率控制,,,,,0,0,,,
A.F.S.,,,[机] 美国铸造学会,,,,,0,0,,,
A.F.S. grain fineness number,,,[机] A.F.S.粒度指数,,,,,0,0,,,
A.G.,,,[医] 轴龈的,,,,,0,0,,,
A.G.V.,,,[医] 苯胺龙胆紫,,,,,0,0,,,
A.I.,,,"[医] 人工授精, 轴切的",,,,,0,0,,,
A.I.D.,,,"[医] 供者人工授精, 异配[人工]授精",,,,,0,0,,,
A.I.H.,,,[医] 同配授精,,,,,0,0,,,
a.k.a.,,,abbr. also known as又名…; 也叫作…,,,,,0,0,,,
A.L.,,,[医] 轴舌的,,,,,0,0,,,
A.L.C.,,,[医] 轴舌颈的,,,,,0,0,,,
A.L.G.,,,[医] 轴舌龈的,,,,,0,0,,,
A.L.O.,,,"[医] 轴舌Ж的, 轴舌咬合的",,,,,0,0,,,
A.L.W.,,,[医] 弧、圈、涡(戈尔顿氏指纹特征),,,,,0,0,,,
A.La.,,,[医] 轴唇的,,,,,0,0,,,
A.La.L.,,,[医] 轴唇舌的,,,,,0,0,,,
a.m,,,abbr. （拉）午前；早上（ante meridiem）,,,,,0,0,,,
a.m.,,s before noon\nr before noon,"上午, 午前",,2,,,0,0,,,
A.M.C.,,,[医] 轴近中颈的,,,,,0,0,,,
A.M.D.,,,[医] 轴近中远侧的,,,,,0,0,,,
A.M.G.,,,[医] 轴近中龈的,,,,,0,0,,,
A.M.I.,,,[医] 轴近中切的,,,,,0,0,,,
A.M.P.,,,[医] 一磷酸腺甙,,,,,0,0,,,
A.O.M.,,,[医] 产科硕士,,,,,0,0,,,
A.P.,,,"[医] 轴髓的, 垂体前叶",,,,,0,0,,,
A.P.C.,,,[医] 复方阿司匹林,,,,,0,0,,,
A.P.F.,,,[医] 动物蛋白因素,,,,,0,0,,,
A.P.I. baum'e gravity,,,[机] A.P.I.波美比重单位,,,,,0,0,,,
A.P.I.M.,,,[医] 国际医学专业协会,,,,,0,0,,,
A.P.L.,,,[医] 前叶样[激素],,,,,0,0,,,
A.P.T.,,,[医] 明矾沉淀类毒素,,,,,0,0,,,
A.P.T.T.,,,[医] 明矾沉淀破伤风类毒素,,,,,0,0,,,
a.peroxodisulfate,,,[化] 过二硫酸铵,,,,,0,0,,,
A.Q.,,,"[医] 能力商数, 成绩商数",,,,,0,0,,,
A.q.l.,,,[电] 可接受质量水平,,,,,0,0,,,
A.R.C.,,,[医] 视风膜异常对应,,,,,0,0,,,
A.r.s.r.,,,[电] 航路监测雷达,,,,,0,0,,,
a.s.r.,,,[电] 机场监测雷达,,,,,0,0,,,
A.S.S.,,,[医] [髂]前上棘,,,,,0,0,,,
A.T.,,,[医] 旧结核菌素,,,,,0,0,,,
A.T.10,,,[医] 二氢速甾醇,,,,,0,0,,,
A/C,,,"公元前, 往来帐户, 活期存款帐户",,,,,0,0,,,
A/D,,,abbr. 模拟数字转换（Analog to Digital）,,,,,0,0,,,
a/d converter controller,,,[电] 类比数位转换控制器,,,,,0,0,,,
a/o,"o,a",,(=account of) 帐上,,,,,0,0,,,
A/R/,,,[化] 分析纯; 二级纯,,,,,0,0,,,
A/UX,,,[计] A/UX操作系统,,,,,0,0,,,
A/V,,,abbr. 按价（ad valorem）；音频/视频（audio/video）,,,,,0,0,,,
a1,'ei'wʌn,,a. 第一等的,,,,,0,0,,,
a1 at lloyd's,,,[经] 劳埃氏船级评定A1级,,,,,0,0,,,
A2,,,[医] 主动脉第二声,,,,,0,0,,,
a3,,,n. A3号纸（尺寸为420×297mm的）,,,,,0,0,,,
a4,,,n. A4型纸（规格为297×210毫米的纸）,,,,,0,0,,,
a5,,,n. A5型纸（标准的纸张尺寸）,,,,,0,0,,,
AA,ɔ:,n. a dry form of lava resembling clinkers,"[计] 绝对地址, 农业自动化, 自动应答\n[医] 各, 各个",,,,,9087,0,,,
AA-AMP,,,[医] 氨基酸一磷酸腺甙,,,,,0,0,,,
AAA,,n an aneurysm of the abdominal aorta associated with old age and hypertension,[医] 急性焦虑发作,,,,,26942,0,,,
AAA disease,,,[医] 钩[口线]虫病,,,,,0,0,,,
aaa-rated,,, 票面等级，票面额,,,,,0,0,,,
aaa.,,,"[医] 汞合金, 汞齐",,,,,0,0,,,
aaaa,,,abbr. 美国广告代理商协会（The American Association of Advertising Agencies）,,,,,0,0,,,
aaaaa,,,n. 五星级,,,,,0,0,,,
aaaargh,,,"啊……（非正式, 表大叫）",,,,,0,0,,,
aaad,,,abbr. American Athletic Association for the Deaf 美国聋人运动协会; apparent amino acid digestibility 表观的氨基酸可消化性; acute type A aortic dissection 急性A型主�